position_id,position,model,candidate_id,params_json,folds,mean_RMSE,mean_MAE,mean_R2,mean_correlation
1,goleiro,RF,62,"{""max_depth"": 2, ""max_features"": ""sqrt"", ""min_samples_leaf"": 75, ""n_estimators"": 1500}",5,3.8841786232246656,3.3063244776558465,-0.006200662314748096,-0.01625042127905771
1,goleiro,RF,14,"{""max_depth"": 2, ""max_features"": ""sqrt"", ""min_samples_leaf"": 10, ""n_estimators"": 1500}",5,3.884228487092094,3.307291490540075,-0.0061679404729467315,-0.016099174303515783
1,goleiro,RF,34,"{""max_depth"": 3, ""max_features"": ""sqrt"", ""min_samples_leaf"": 75, ""n_estimators"": 1050}",5,3.8857441493795255,3.306732159246642,-0.007028561718766468,-0.017470548413313955
1,goleiro,RF,8,"{""max_depth"": 2, ""max_features"": ""sqrt"", ""min_samples_leaf"": 20, ""n_estimators"": 850}",5,3.885902074413707,3.3087306632727183,-0.007071639884349734,-0.019141381779621408
1,goleiro,RF,20,"{""max_depth"": 2, ""max_features"": 0.3, ""min_samples_leaf"": 2, ""n_estimators"": 500}",5,3.8874546063845488,3.3107208283113443,-0.00787729699221107,-0.013485847068692039
1,goleiro,RF,56,"{""max_depth"": 3, ""max_features"": ""sqrt"", ""min_samples_leaf"": 2, ""n_estimators"": 700}",5,3.889256674854157,3.3109273509690063,-0.008797638457268931,-0.016850538955335417
1,goleiro,RF,26,"{""max_depth"": 2, ""max_features"": 0.3, ""min_samples_leaf"": 50, ""n_estimators"": 1350}",5,3.890944472085973,3.312119920163304,-0.009817140120745216,-0.01695821722636876
1,goleiro,RF,1,"{""max_depth"": 12, ""max_features"": ""sqrt"", ""min_samples_leaf"": 50, ""n_estimators"": 950}",5,3.8909483229120654,3.3089442175051658,-0.009730685317313092,-0.009739897803034036
1,goleiro,RF,39,"{""max_depth"": 8, ""max_features"": ""sqrt"", ""min_samples_leaf"": 50, ""n_estimators"": 1350}",5,3.8910677670782428,3.308813171084135,-0.009798903800865455,-0.010553293605136797
1,goleiro,RF,36,"{""max_depth"": 2, ""max_features"": 0.3, ""min_samples_leaf"": 30, ""n_estimators"": 650}",5,3.891361756495667,3.313431970205438,-0.010028419385534847,-0.015808648890771344
1,goleiro,RF,29,"{""max_depth"": 12, ""max_features"": 0.3, ""min_samples_leaf"": 75, ""n_estimators"": 650}",5,3.892868911356044,3.312349487564732,-0.010780173033581652,-0.005809500126133571
1,goleiro,RF,57,"{""max_depth"": 8, ""max_features"": 0.3, ""min_samples_leaf"": 75, ""n_estimators"": 850}",5,3.892935584738942,3.312318742426215,-0.010818631927863942,-0.0067801870694918056
1,goleiro,RF,60,"{""max_depth"": 2, ""max_features"": 0.5, ""min_samples_leaf"": 20, ""n_estimators"": 300}",5,3.893222680898435,3.3147296314299295,-0.011006652045492338,-0.017971972520640027
1,goleiro,RF,38,"{""max_depth"": 2, ""max_features"": 1.0, ""min_samples_leaf"": 5, ""n_estimators"": 1700}",5,3.893259718500847,3.3138819425133135,-0.011007831627377219,-0.011909089031977646
1,goleiro,RF,28,"{""max_depth"": 5, ""max_features"": ""sqrt"", ""min_samples_leaf"": 30, ""n_estimators"": 400}",5,3.893446051189051,3.3133146634720334,-0.011040148293710982,-0.0064793071465801075
1,goleiro,RF,18,"{""max_depth"": 5, ""max_features"": ""sqrt"", ""min_samples_leaf"": 20, ""n_estimators"": 1200}",5,3.893691622708933,3.3139919734095913,-0.011143018905821011,-0.001503716002724767
1,goleiro,RF,48,"{""max_depth"": 2, ""max_features"": 1.0, ""min_samples_leaf"": 75, ""n_estimators"": 1050}",5,3.8941877313095086,3.312300685257333,-0.011571553939504731,-0.009632402104525267
1,goleiro,RF,32,"{""max_depth"": 2, ""max_features"": 1.0, ""min_samples_leaf"": 10, ""n_estimators"": 900}",5,3.89455096439116,3.3151382190346887,-0.01169117441980192,-0.014229522671003626
1,goleiro,RF,59,"{""max_depth"": null, ""max_features"": ""sqrt"", ""min_samples_leaf"": 30, ""n_estimators"": 1600}",5,3.8948521998587124,3.3131614281689763,-0.011775862750546939,-0.00013584536166075245
1,goleiro,RF,6,"{""max_depth"": 5, ""max_features"": 0.5, ""min_samples_leaf"": 75, ""n_estimators"": 1650}",5,3.895253261715799,3.312384954620751,-0.012044329171985968,-0.005271616513694312
1,goleiro,RF,55,"{""max_depth"": 12, ""max_features"": 0.5, ""min_samples_leaf"": 75, ""n_estimators"": 1250}",5,3.8956501352969264,3.313022608483301,-0.012247263208094461,-0.0053962602161097325
1,goleiro,RF,12,"{""max_depth"": 3, ""max_features"": 0.8, ""min_samples_leaf"": 75, ""n_estimators"": 450}",5,3.896080684372874,3.3131454127980446,-0.012507131610247146,-0.0064493395143788625
1,goleiro,RF,50,"{""max_depth"": 2, ""max_features"": 0.8, ""min_samples_leaf"": 30, ""n_estimators"": 1200}",5,3.8969327168540233,3.3165255291696645,-0.013043286345685834,-0.01805290521631233
1,goleiro,RF,2,"{""max_depth"": 3, ""max_features"": 0.5, ""min_samples_leaf"": 5, ""n_estimators"": 1150}",5,3.8972053744220796,3.3175393787114773,-0.013026476900754291,-0.008123896021868087
1,goleiro,RF,42,"{""max_depth"": 3, ""max_features"": 0.5, ""min_samples_leaf"": 5, ""n_estimators"": 1350}",5,3.897221088364686,3.3170922299072236,-0.013038105443729475,-0.0076879179069690605
1,goleiro,RF,64,"{""max_depth"": 3, ""max_features"": 0.5, ""min_samples_leaf"": 30, ""n_estimators"": 950}",5,3.897286678888102,3.3170830261649713,-0.013147237456941996,-0.005333511524162254
1,goleiro,RF,4,"{""max_depth"": 3, ""max_features"": 0.8, ""min_samples_leaf"": 5, ""n_estimators"": 600}",5,3.899735125193884,3.319202217394122,-0.014379629895920032,-0.004554837343616275
1,goleiro,RF,22,"{""max_depth"": 3, ""max_features"": 0.8, ""min_samples_leaf"": 50, ""n_estimators"": 1700}",5,3.8999505582374887,3.316250431846355,-0.014569078653767775,-0.006557138401886568
1,goleiro,RF,30,"{""max_depth"": 3, ""max_features"": 0.8, ""min_samples_leaf"": 2, ""n_estimators"": 1600}",5,3.8999914187161635,3.318296053916844,-0.014506162723180083,-0.007827676275717111
1,goleiro,RF,19,"{""max_depth"": null, ""max_features"": 1.0, ""min_samples_leaf"": 75, ""n_estimators"": 1450}",5,3.900227306358566,3.3155075657508126,-0.014628939521003748,-0.0009502034294845308
1,goleiro,RF,10,"{""max_depth"": 3, ""max_features"": 1.0, ""min_samples_leaf"": 20, ""n_estimators"": 1250}",5,3.900652339696913,3.317716346721921,-0.014938653726581786,-0.002114301834858075
1,goleiro,RF,45,"{""max_depth"": 8, ""max_features"": ""sqrt"", ""min_samples_leaf"": 20, ""n_estimators"": 500}",5,3.9012909840367067,3.3198851358540464,-0.015146890500627919,-0.0010694131430057873
1,goleiro,RF,37,"{""max_depth"": null, ""max_features"": 0.5, ""min_samples_leaf"": 50, ""n_estimators"": 350}",5,3.9015262966894504,3.3184834464412645,-0.015301437741248458,0.0035054592158380374
1,goleiro,RF,24,"{""max_depth"": 5, ""max_features"": 0.5, ""min_samples_leaf"": 50, ""n_estimators"": 750}",5,3.9017350166519265,3.318309117132352,-0.015444544189347532,-0.0009256484790189951
1,goleiro,RF,13,"{""max_depth"": null, ""max_features"": 0.5, ""min_samples_leaf"": 50, ""n_estimators"": 550}",5,3.903569916118996,3.3199108797516503,-0.016398339333118316,-0.0008022447428886248
1,goleiro,RF,16,"{""max_depth"": 5, ""max_features"": 0.3, ""min_samples_leaf"": 5, ""n_estimators"": 950}",5,3.9065321695828232,3.3261167776934144,-0.017778605707676663,0.0017806598729225673
1,goleiro,RF,43,"{""max_depth"": 8, ""max_features"": 0.8, ""min_samples_leaf"": 50, ""n_estimators"": 1750}",5,3.906880029773105,3.3212351261971533,-0.01813081612558043,0.0005158664286166653
1,goleiro,RF,3,"{""max_depth"": 12, ""max_features"": 0.3, ""min_samples_leaf"": 30, ""n_estimators"": 1550}",5,3.9068934926879657,3.3232616446591976,-0.018109597917498797,0.002548915789034348
1,goleiro,RF,54,"{""max_depth"": 5, ""max_features"": 0.3, ""min_samples_leaf"": 10, ""n_estimators"": 1800}",5,3.907665334321849,3.3257325941569533,-0.018463933699191016,-3.1404646597306404e-05
1,goleiro,RF,52,"{""max_depth"": 5, ""max_features"": 1.0, ""min_samples_leaf"": 50, ""n_estimators"": 550}",5,3.908159435644574,3.321348475358083,-0.018807591446269888,0.001065171039981125
1,goleiro,RF,15,"{""max_depth"": 8, ""max_features"": 1.0, ""min_samples_leaf"": 50, ""n_estimators"": 1150}",5,3.9087674714326957,3.321743316614909,-0.01912066052644663,0.0028251268626244054
1,goleiro,RF,44,"{""max_depth"": 5, ""max_features"": 0.3, ""min_samples_leaf"": 5, ""n_estimators"": 400}",5,3.9092916787826653,3.328637485807307,-0.019226388673619477,0.0004345942560944643
1,goleiro,RF,46,"{""max_depth"": 5, ""max_features"": 0.8, ""min_samples_leaf"": 20, ""n_estimators"": 1450}",5,3.9107775917217227,3.325107724574824,-0.020153147346061263,0.009194086057676984
1,goleiro,RF,23,"{""max_depth"": 8, ""max_features"": ""sqrt"", ""min_samples_leaf"": 5, ""n_estimators"": 1300}",5,3.914999360194236,3.3332369981694363,-0.02220968201672737,-0.0043317772495007605
1,goleiro,RF,40,"{""max_depth"": 5, ""max_features"": 0.8, ""min_samples_leaf"": 10, ""n_estimators"": 800}",5,3.9155851012876455,3.3296651253884404,-0.02259020208863114,0.007626760272082672
1,goleiro,RF,49,"{""max_depth"": null, ""max_features"": ""sqrt"", ""min_samples_leaf"": 10, ""n_estimators"": 1000}",5,3.9160290741152126,3.3327977115706346,-0.022788086651229156,0.00027070684532989333
1,goleiro,RF,17,"{""max_depth"": 8, ""max_features"": 0.8, ""min_samples_leaf"": 30, ""n_estimators"": 1050}",5,3.9175262808561704,3.3309017062564976,-0.02372614170864762,0.004463766452668305
1,goleiro,RF,31,"{""max_depth"": null, ""max_features"": 0.5, ""min_samples_leaf"": 20, ""n_estimators"": 1100}",5,3.9179108763019186,3.3327155799096944,-0.023878646312903394,0.014230629921342209
1,goleiro,RF,58,"{""max_depth"": 5, ""max_features"": 1.0, ""min_samples_leaf"": 2, ""n_estimators"": 1400}",5,3.918058529430309,3.331628914268805,-0.023848546081775845,0.0031796046100813573
1,goleiro,RF,9,"{""max_depth"": 12, ""max_features"": 0.5, ""min_samples_leaf"": 20, ""n_estimators"": 700}",5,3.918307806240174,3.3331630049418024,-0.02410082667487732,0.014995002305048518
1,goleiro,RF,41,"{""max_depth"": 12, ""max_features"": 1.0, ""min_samples_leaf"": 30, ""n_estimators"": 750}",5,3.9195896466882183,3.3311924070126415,-0.024816994127643488,0.00689088535787388
1,goleiro,RF,53,"{""max_depth"": 8, ""max_features"": 1.0, ""min_samples_leaf"": 20, ""n_estimators"": 500}",5,3.9217890898091405,3.3330059936302083,-0.025904945366620115,0.01905733382605642
1,goleiro,RF,35,"{""max_depth"": null, ""max_features"": 0.8, ""min_samples_leaf"": 20, ""n_estimators"": 1600}",5,3.924511110457445,3.335872014188363,-0.027332265099527308,0.015041880340024346
1,goleiro,RF,21,"{""max_depth"": 12, ""max_features"": 0.3, ""min_samples_leaf"": 10, ""n_estimators"": 400}",5,3.9327914574559903,3.346407450584698,-0.03154211539285172,0.010354275777312296
1,goleiro,RF,27,"{""max_depth"": 8, ""max_features"": 0.8, ""min_samples_leaf"": 10, ""n_estimators"": 1700}",5,3.9338947730926757,3.343702749571066,-0.032180054113117994,0.018277881840229555
1,goleiro,RF,51,"{""max_depth"": 8, ""max_features"": 0.5, ""min_samples_leaf"": 5, ""n_estimators"": 1500}",5,3.9367754666370254,3.3473251875964296,-0.03362753126284375,0.01213812928746561
1,goleiro,RF,5,"{""max_depth"": 8, ""max_features"": 1.0, ""min_samples_leaf"": 2, ""n_estimators"": 350}",5,3.9450683956623527,3.351906119068313,-0.03789766319654775,0.02083563507606486
1,goleiro,RF,63,"{""max_depth"": 12, ""max_features"": 1.0, ""min_samples_leaf"": 10, ""n_estimators"": 1100}",5,3.94775567015475,3.354430907898057,-0.03946556226214808,0.0219058619582838
1,goleiro,RF,7,"{""max_depth"": null, ""max_features"": 0.8, ""min_samples_leaf"": 10, ""n_estimators"": 1400}",5,3.949099072827675,3.3559760429422916,-0.04017077501813664,0.02023908402410082
1,goleiro,RF,11,"{""max_depth"": 12, ""max_features"": 0.3, ""min_samples_leaf"": 2, ""n_estimators"": 1750}",5,3.9605581074101535,3.369508002817498,-0.04609894750663664,0.012286496555189572
1,goleiro,RF,33,"{""max_depth"": 12, ""max_features"": 0.5, ""min_samples_leaf"": 2, ""n_estimators"": 850}",5,3.9730359323075417,3.3759250788466195,-0.05262411408657299,0.014733580288702457
1,goleiro,RF,61,"{""max_depth"": null, ""max_features"": 0.8, ""min_samples_leaf"": 5, ""n_estimators"": 600}",5,3.976647522642029,3.377235094506156,-0.05466362330988197,0.019167085461140022
1,goleiro,RF,47,"{""max_depth"": null, ""max_features"": 0.3, ""min_samples_leaf"": 2, ""n_estimators"": 1250}",5,3.982917589960972,3.3841884597628735,-0.05784798403860476,0.014182061517119737
1,goleiro,RF,25,"{""max_depth"": null, ""max_features"": 1.0, ""min_samples_leaf"": 2, ""n_estimators"": 800}",5,4.004651976847697,3.39731451097447,-0.06929476207847585,0.017882973106184665
1,goleiro,XGB,45,"{""colsample_bytree"": 0.6204433687962592, ""learning_rate"": 0.001090790035319715, ""max_depth"": 4, ""n_estimators"": 300, ""reg_alpha"": 18.706628843514043, ""reg_lambda"": 0.00790461735887091, ""subsample"": 0.9653586409986019}",5,3.8780380561483745,3.301518524934983,-0.00299360197187446,0.016598352884071126
1,goleiro,XGB,4,"{""colsample_bytree"": 0.9407866224646568, ""learning_rate"": 0.002213702058861375, ""max_depth"": 6, ""n_estimators"": 250, ""reg_alpha"": 0.0010204471682872405, ""reg_lambda"": 0.004447703278271244, ""subsample"": 0.6103793778456748}",5,3.8856941158685316,3.312057573578855,-0.006844573234582363,0.016846635493824987
1,goleiro,XGB,7,"{""colsample_bytree"": 0.6531320987269282, ""learning_rate"": 0.0010481619572072865, ""max_depth"": 3, ""n_estimators"": 950, ""reg_alpha"": 0.1327063227683239, ""reg_lambda"": 21.030813240718224, ""subsample"": 0.7158950148150325}",5,3.886299123705401,3.3073083045014093,-0.007351765026653867,0.004380395659126432
1,goleiro,XGB,21,"{""colsample_bytree"": 0.7623283811844885, ""learning_rate"": 0.0025057115394290256, ""max_depth"": 2, ""n_estimators"": 500, ""reg_alpha"": 0.5403086083780577, ""reg_lambda"": 0.0032301550182275303, ""subsample"": 0.7510215635411441}",5,3.8867316942871097,3.3086838174457336,-0.007553623487109418,-0.0005591469331861956
1,goleiro,XGB,49,"{""colsample_bytree"": 0.8986299997195601, ""learning_rate"": 0.002041720258446412, ""max_depth"": 3, ""n_estimators"": 600, ""reg_alpha"": 0.01992193781312205, ""reg_lambda"": 2.8719474920345007, ""subsample"": 0.9231212893500924}",5,3.8903145206629346,3.3100531077723416,-0.009440219550629037,0.015158833303261992
1,goleiro,XGB,35,"{""colsample_bytree"": 0.5081904069520533, ""learning_rate"": 0.0014889294596340775, ""max_depth"": 2, ""n_estimators"": 1550, ""reg_alpha"": 0.004037281769150291, ""reg_lambda"": 0.025470630483935896, ""subsample"": 0.6068074083887041}",5,3.8920305162974467,3.3131232484300015,-0.010245254312032492,0.004118958993762504
1,goleiro,XGB,32,"{""colsample_bytree"": 0.5314727774821222, ""learning_rate"": 0.0013176494637767546, ""max_depth"": 8, ""n_estimators"": 700, ""reg_alpha"": 0.21616988694426761, ""reg_lambda"": 1.7005066806546008, ""subsample"": 0.5281029711477458}",5,3.8958683877716824,3.314203347269263,-0.012260436501482586,0.016205510825015357
1,goleiro,XGB,60,"{""colsample_bytree"": 0.6763605996966362, ""learning_rate"": 0.0016520589744992386, ""max_depth"": 7, ""n_estimators"": 400, ""reg_alpha"": 0.03410733210713404, ""reg_lambda"": 0.0014075405725347294, ""subsample"": 0.6684969747439027}",5,3.896660257365505,3.323080924775804,-0.012549172640973837,-0.0003997747807546956
1,goleiro,XGB,61,"{""colsample_bytree"": 0.7374551789835095, ""learning_rate"": 0.008400449652882712, ""max_depth"": 2, ""n_estimators"": 250, ""reg_alpha"": 0.0001568007746195425, ""reg_lambda"": 1.2109870044864097, ""subsample"": 0.7307628551498055}",5,3.8971268301502855,3.3154959929692147,-0.013054256170594924,-0.0005828513982936226
1,goleiro,XGB,9,"{""colsample_bytree"": 0.7343453234061599, ""learning_rate"": 0.001343436495512724, ""max_depth"": 5, ""n_estimators"": 750, ""reg_alpha"": 0.0006084851655633791, ""reg_lambda"": 0.5926427719675725, ""subsample"": 0.8562451475299895}",5,3.897274498453604,3.317659285629495,-0.012941533890516155,0.012228833253239091
1,goleiro,XGB,5,"{""colsample_bytree"": 0.8798112468793988, ""learning_rate"": 0.0032512984489769512, ""max_depth"": 4, ""n_estimators"": 400, ""reg_alpha"": 0.002497742980329767, ""reg_lambda"": 0.3831243470438582, ""subsample"": 0.5485846274532378}",5,3.9007535251849994,3.3211845725074376,-0.014856872211001449,0.00720123933392326
1,goleiro,XGB,54,"{""colsample_bytree"": 0.6949512772262096, ""learning_rate"": 0.0011780835331739355, ""max_depth"": 5, ""n_estimators"": 1250, ""reg_alpha"": 1.476405538392317, ""reg_lambda"": 0.1370533492761394, ""subsample"": 0.7786347051151097}",5,3.9125683588980054,3.32826361268947,-0.020978378101531425,0.009801662289639367
1,goleiro,XGB,47,"{""colsample_bytree"": 0.847130146343261, ""learning_rate"": 0.0036360600107161654, ""max_depth"": 2, ""n_estimators"": 1200, ""reg_alpha"": 0.000812743410640046, ""reg_lambda"": 0.03981914554537361, ""subsample"": 0.7972003198228776}",5,3.9141990129003856,3.32558069485604,-0.021913120419398212,0.008462098415743292
1,goleiro,XGB,11,"{""colsample_bytree"": 0.9920489201322198, ""learning_rate"": 0.004490724301900747, ""max_depth"": 2, ""n_estimators"": 1250, ""reg_alpha"": 9.628490946412484, ""reg_lambda"": 26.337947323259108, ""subsample"": 0.8750924048945308}",5,3.9161551920279627,3.3219615712573143,-0.023149219163233294,0.0199025893808809
1,goleiro,XGB,27,"{""colsample_bytree"": 0.8746695355512202, ""learning_rate"": 0.0018398171995602861, ""max_depth"": 4, ""n_estimators"": 1400, ""reg_alpha"": 0.00014290338823853393, ""reg_lambda"": 0.08051163426115664, ""subsample"": 0.672683147713542}",5,3.9278099245131477,3.337866233449816,-0.028921683343372306,0.01342009223252407
1,goleiro,XGB,42,"{""colsample_bytree"": 0.7859143181703985, ""learning_rate"": 0.002143920320921273, ""max_depth"": 8, ""n_estimators"": 1000, ""reg_alpha"": 0.0068914604090100215, ""reg_lambda"": 37.08234018435227, ""subsample"": 0.8599325171671808}",5,3.930065256626265,3.332841112305303,-0.03034344538130691,0.012205222159408637
1,goleiro,XGB,63,"{""colsample_bytree"": 0.979510891251266, ""learning_rate"": 0.0026110093348935635, ""max_depth"": 4, ""n_estimators"": 1100, ""reg_alpha"": 3.625531059333283, ""reg_lambda"": 3.3753537857177265, ""subsample"": 0.5006052111275494}",5,3.9365931188010075,3.3382322519869376,-0.03392783164348536,0.019918243717753165
1,goleiro,XGB,18,"{""colsample_bytree"": 0.5811041458509862, ""learning_rate"": 0.0017040940593697487, ""max_depth"": 7, ""n_estimators"": 1250, ""reg_alpha"": 0.00023752055550926352, ""reg_lambda"": 7.644585859264176, ""subsample"": 0.9190638717263937}",5,3.939107369424298,3.339503511612636,-0.03518878324626806,0.018360637015764937
1,goleiro,XGB,20,"{""colsample_bytree"": 0.8234229604713619, ""learning_rate"": 0.005495244607579209, ""max_depth"": 7, ""n_estimators"": 300, ""reg_alpha"": 1.3467411425523819, ""reg_lambda"": 2.039814741993465, ""subsample"": 0.8142573009245098}",5,3.942169850226976,3.344634192030049,-0.03675074524424349,0.016484586251939153
1,goleiro,XGB,33,"{""colsample_bytree"": 0.7658711154945195, ""learning_rate"": 0.004631640475716694, ""max_depth"": 4, ""n_estimators"": 700, ""reg_alpha"": 0.14550446952706136, ""reg_lambda"": 0.00624533915595389, ""subsample"": 0.6265157125890255}",5,3.944395834820835,3.3494831961676694,-0.037630468279301166,0.016370910437181585
1,goleiro,XGB,13,"{""colsample_bytree"": 0.5519214449450374, ""learning_rate"": 0.01285055226681729, ""max_depth"": 3, ""n_estimators"": 350, ""reg_alpha"": 0.0003430101828087219, ""reg_lambda"": 4.282157839548478, ""subsample"": 0.6602999758906662}",5,3.945282362480036,3.3441618506767297,-0.03861952744885251,0.009887314186602832
1,goleiro,XGB,40,"{""colsample_bytree"": 0.8358770660124719, ""learning_rate"": 0.002766468636951521, ""max_depth"": 6, ""n_estimators"": 800, ""reg_alpha"": 7.686195398162609, ""reg_lambda"": 0.27283408982660134, ""subsample"": 0.6887596286833286}",5,3.9525787160121637,3.3471043329298147,-0.04223823311068111,0.016368727150412987
1,goleiro,XGB,25,"{""colsample_bytree"": 0.6011153836734593, ""learning_rate"": 0.005929528583067072, ""max_depth"": 3, ""n_estimators"": 850, ""reg_alpha"": 2.2446897840093656, ""reg_lambda"": 0.0010023940428399874, ""subsample"": 0.5898452992551029}",5,3.958655626591851,3.363490561752453,-0.045554727443948326,0.004314373410300112
1,goleiro,XGB,44,"{""colsample_bytree"": 0.5594679932110012, ""learning_rate"": 0.006665560018000852, ""max_depth"": 5, ""n_estimators"": 550, ""reg_alpha"": 0.08548062648554937, ""reg_lambda"": 0.8344129196802617, ""subsample"": 0.9025939740240574}",5,3.960365887202485,3.354005427022438,-0.046370185768678504,0.018918872794747722
1,goleiro,XGB,51,"{""colsample_bytree"": 0.625068218447268, ""learning_rate"": 0.006123118498998678, ""max_depth"": 3, ""n_estimators"": 1500, ""reg_alpha"": 0.7211395848937334, ""reg_lambda"": 10.763200496285176, ""subsample"": 0.8413888667710125}",5,3.989354922675699,3.3672412332764763,-0.062471490360419546,0.025484627057967946
1,goleiro,XGB,41,"{""colsample_bytree"": 0.6577429310418665, ""learning_rate"": 0.015763846491624395, ""max_depth"": 2, ""n_estimators"": 750, ""reg_alpha"": 1.0698996916657113, ""reg_lambda"": 0.06348313321944471, ""subsample"": 0.5199311319738626}",5,3.9905057748016004,3.3776930720277543,-0.06258059627300719,0.015384559017909024
1,goleiro,XGB,28,"{""colsample_bytree"": 0.7450284226797521, ""learning_rate"": 0.014025125492043775, ""max_depth"": 6, ""n_estimators"": 450, ""reg_alpha"": 0.1793833183312084, ""reg_lambda"": 44.60854559316446, ""subsample"": 0.957188309635967}",5,4.013424301485186,3.380101233308376,-0.0752216473382786,0.02162476882049192
1,goleiro,XGB,23,"{""colsample_bytree"": 0.5202497807331383, ""learning_rate"": 0.0075022974260527345, ""max_depth"": 5, ""n_estimators"": 1000, ""reg_alpha"": 0.01024644746852143, ""reg_lambda"": 0.19295607109604784, ""subsample"": 0.9822710435837507}",5,4.04377265098525,3.3951381697146004,-0.09072758045516079,0.01733400318826225
1,goleiro,XGB,30,"{""colsample_bytree"": 0.8047864767722785, ""learning_rate"": 0.003942963502548866, ""max_depth"": 6, ""n_estimators"": 1500, ""reg_alpha"": 0.025539210560561278, ""reg_lambda"": 4.739810499307139, ""subsample"": 0.7344540413469076}",5,4.046109926676996,3.4028450050542296,-0.09282984087847615,0.01822679072549104
1,goleiro,XGB,16,"{""colsample_bytree"": 0.6643393728882074, ""learning_rate"": 0.009613210406115657, ""max_depth"": 6, ""n_estimators"": 550, ""reg_alpha"": 0.006281505062889137, ""reg_lambda"": 0.011128819174605627, ""subsample"": 0.7930179634131491}",5,4.048874181656852,3.4124530515876317,-0.09384479421032617,0.01557116206421387
1,goleiro,XGB,58,"{""colsample_bytree"": 0.9186565261334181, ""learning_rate"": 0.004957440910297297, ""max_depth"": 6, ""n_estimators"": 1000, ""reg_alpha"": 0.41988357076504595, ""reg_lambda"": 0.11305201399703872, ""subsample"": 0.5628424664027989}",5,4.05753896765968,3.4188413501438633,-0.0985794901857032,0.011603360201039711
1,goleiro,XGB,56,"{""colsample_bytree"": 0.9682726059108973, ""learning_rate"": 0.003788240270303302, ""max_depth"": 8, ""n_estimators"": 800, ""reg_alpha"": 0.00038382998333558036, ""reg_lambda"": 0.0022943142751041196, ""subsample"": 0.9858468258753419}",5,4.060623274544378,3.4253702965698856,-0.10012917973156096,0.017347376421230406
1,goleiro,XGB,64,"{""colsample_bytree"": 0.6076851300895214, ""learning_rate"": 0.011227804513833603, ""max_depth"": 5, ""n_estimators"": 700, ""reg_alpha"": 0.002871073107828411, ""reg_lambda"": 0.04658745025094497, ""subsample"": 0.848038955591619}",5,4.065034194515278,3.4127574157908276,-0.10274433557392251,0.018494700106349595
1,goleiro,XGB,36,"{""colsample_bytree"": 0.8878286643885076, ""learning_rate"": 0.019469096724278347, ""max_depth"": 8, ""n_estimators"": 250, ""reg_alpha"": 2.9329328360091673, ""reg_lambda"": 8.633929564496423, ""subsample"": 0.7594151217490435}",5,4.06551046231253,3.4131601977111794,-0.10359854763571649,0.0068489806925142865
1,goleiro,XGB,39,"{""colsample_bytree"": 0.7057563909329474, ""learning_rate"": 0.012347566093322326, ""max_depth"": 4, ""n_estimators"": 900, ""reg_alpha"": 0.022552822868291172, ""reg_lambda"": 0.003609847874428303, ""subsample"": 0.91180708585307}",5,4.0727548897072055,3.4094354302256678,-0.10689765027271685,0.028902026337359932
1,goleiro,XGB,14,"{""colsample_bytree"": 0.9222831837832928, ""learning_rate"": 0.0030973627237326166, ""max_depth"": 8, ""n_estimators"": 1500, ""reg_alpha"": 0.05293598013799995, ""reg_lambda"": 0.05606127291979353, ""subsample"": 0.9383519990369678}",5,4.077943305888056,3.4335793492124305,-0.10954320880378603,0.01868068907547164
1,goleiro,XGB,1,"{""colsample_bytree"": 0.8420405397191644, ""learning_rate"": 0.052401111326278366, ""max_depth"": 2, ""n_estimators"": 650, ""reg_alpha"": 0.0441007577115268, ""reg_lambda"": 12.15616707960732, ""subsample"": 0.9933395576663315}",5,4.097495814299649,3.4275259393135187,-0.12202955589310763,0.024753355637545656
1,goleiro,XGB,17,"{""colsample_bytree"": 0.959278388414532, ""learning_rate"": 0.023096009833932004, ""max_depth"": 3, ""n_estimators"": 650, ""reg_alpha"": 0.06680326520081972, ""reg_lambda"": 0.02231492610622683, ""subsample"": 0.6971659897826612}",5,4.118131971709788,3.446566203183815,-0.13190041968511843,0.011481438966737399
1,goleiro,XGB,38,"{""colsample_bytree"": 0.5779561433009803, ""learning_rate"": 0.009227227478763743, ""max_depth"": 7, ""n_estimators"": 1400, ""reg_alpha"": 0.001983582302515068, ""reg_lambda"": 14.976717799289693, ""subsample"": 0.5445310226641595}",5,4.1219999327628765,3.443137069416261,-0.13497099016606856,0.015156255745947261
1,goleiro,XGB,2,"{""colsample_bytree"": 0.7143479268997908, ""learning_rate"": 0.007395679895504517, ""max_depth"": 8, ""n_estimators"": 1100, ""reg_alpha"": 5.759597024686567, ""reg_lambda"": 0.018139186678553524, ""subsample"": 0.6541326744481921}",5,4.140282999218936,3.467703541906367,-0.1444936583687831,0.003547776442773051
1,goleiro,XGB,37,"{""colsample_bytree"": 0.9478239086456597, ""learning_rate"": 0.03696796581742612, ""max_depth"": 3, ""n_estimators"": 450, ""reg_alpha"": 0.26060582779238295, ""reg_lambda"": 0.17090188783792123, ""subsample"": 0.8216686192899942}",5,4.142339891238896,3.457929209093429,-0.14561058895901965,0.00754293687504449
1,goleiro,XGB,53,"{""colsample_bytree"": 0.8153101680800319, ""learning_rate"": 0.02849473028555064, ""max_depth"": 5, ""n_estimators"": 500, ""reg_alpha"": 0.005280767254648216, ""reg_lambda"": 23.997015200433662, ""subsample"": 0.6188073074445128}",5,4.146205542383646,3.461175811299197,-0.14861836828345956,0.010499309338064635
1,goleiro,XGB,50,"{""colsample_bytree"": 0.528761200606823, ""learning_rate"": 0.014463668457163206, ""max_depth"": 7, ""n_estimators"": 1200, ""reg_alpha"": 12.0126181962634, ""reg_lambda"": 0.005128933757525393, ""subsample"": 0.7087259427644312}",5,4.161390826036289,3.4731387873146113,-0.15658703431516172,0.014893530004347386
1,goleiro,XGB,31,"{""colsample_bytree"": 0.9116039820946753, ""learning_rate"": 0.029685712756611225, ""max_depth"": 2, ""n_estimators"": 1150, ""reg_alpha"": 0.001687556076331206, ""reg_lambda"": 0.00940894863633519, ""subsample"": 0.8674238249659538}",5,4.168076737820999,3.463800065866399,-0.16035319627444342,0.020728520909727436
1,goleiro,XGB,22,"{""colsample_bytree"": 0.634636556264013, ""learning_rate"": 0.010040733607247688, ""max_depth"": 8, ""n_estimators"": 1300, ""reg_alpha"": 0.0009014128052613807, ""reg_lambda"": 0.23651773248921085, ""subsample"": 0.5995530784130096}",5,4.177953595680016,3.50356306066858,-0.1644616408847041,0.008963798871729916
1,goleiro,XGB,59,"{""colsample_bytree"": 0.798668778501451, ""learning_rate"": 0.020816692210975932, ""max_depth"": 3, ""n_estimators"": 1350, ""reg_alpha"": 4.343069730423279, ""reg_lambda"": 0.49772459663947555, ""subsample"": 0.9457418532110751}",5,4.1864381056588496,3.4834529903533897,-0.17144156222521048,0.02857652928367106
1,goleiro,XGB,29,"{""colsample_bytree"": 0.6849063602276146, ""learning_rate"": 0.09895231820360668, ""max_depth"": 5, ""n_estimators"": 200, ""reg_alpha"": 8.486350903976925, ""reg_lambda"": 0.03309009814489493, ""subsample"": 0.8954403041861951}",5,4.199072503766393,3.4935807047962135,-0.17691201850689736,0.031651358717830425
1,goleiro,XGB,24,"{""colsample_bytree"": 0.892569515388459, ""learning_rate"": 0.03348820820102673, ""max_depth"": 5, ""n_estimators"": 750, ""reg_alpha"": 15.937853779380706, ""reg_lambda"": 17.08906170519083, ""subsample"": 0.6339206709526479}",5,4.207022947601327,3.4910094911449123,-0.18297676251852954,0.013940675482743591
1,goleiro,XGB,8,"{""colsample_bytree"": 0.774960707873106, ""learning_rate"": 0.024452475688516433, ""max_depth"": 7, ""n_estimators"": 850, ""reg_alpha"": 0.0001815894891979192, ""reg_lambda"": 0.12138868227886604, ""subsample"": 0.9315543291158974}",5,4.210652931892587,3.5099500290912813,-0.18301273266052723,0.008986357175647993
1,goleiro,XGB,3,"{""colsample_bytree"": 0.568467921577394, ""learning_rate"": 0.017472093072865933, ""max_depth"": 4, ""n_estimators"": 1600, ""reg_alpha"": 0.34571092703989953, ""reg_lambda"": 2.5707189730362927, ""subsample"": 0.771475781686604}",5,4.225909000460585,3.503586936376253,-0.19303059712308673,0.02002927320686735
1,goleiro,XGB,62,"{""colsample_bytree"": 0.8656257186084986, ""learning_rate"": 0.0348490031673198, ""max_depth"": 8, ""n_estimators"": 1600, ""reg_alpha"": 0.11172547145130801, ""reg_lambda"": 0.013246779920703116, ""subsample"": 0.8835141197778285}",5,4.23413521495444,3.541499868991255,-0.19591685378459472,0.014442673946175844
1,goleiro,XGB,10,"{""colsample_bytree"": 0.8542246446013451, ""learning_rate"": 0.01885426178034407, ""max_depth"": 5, ""n_estimators"": 1050, ""reg_alpha"": 0.9310894278999958, ""reg_lambda"": 0.00180465362119513, ""subsample"": 0.5080011310055852}",5,4.257133705496367,3.5389348875685713,-0.21088105241995972,0.024400344625763428
1,goleiro,XGB,12,"{""colsample_bytree"": 0.6119166892021894, ""learning_rate"": 0.05657870886178703, ""max_depth"": 8, ""n_estimators"": 500, ""reg_alpha"": 0.0163288343167791, ""reg_lambda"": 0.08914130472717753, ""subsample"": 0.723521423060447}",5,4.260596348708741,3.558568219675967,-0.2116273434023345,0.017177222230359904
1,goleiro,XGB,26,"{""colsample_bytree"": 0.9714782158844173, ""learning_rate"": 0.04360293748713706, ""max_depth"": 7, ""n_estimators"": 950, ""reg_alpha"": 0.003169131557164582, ""reg_lambda"": 0.7007719376827588, ""subsample"": 0.8056433498859406}",5,4.2629772067017,3.5529609046915795,-0.21157212291074173,0.012718907084859959
1,goleiro,XGB,34,"{""colsample_bytree"": 0.6455130795948207, ""learning_rate"": 0.06278094966476376, ""max_depth"": 6, ""n_estimators"": 1150, ""reg_alpha"": 0.00011301598909911128, ""reg_lambda"": 1.825867517681074, ""subsample"": 0.9740891489200294}",5,4.26537559961162,3.551577132479383,-0.213834241701684,0.019893497109341064
1,goleiro,XGB,6,"{""colsample_bytree"": 0.5016359183937311, ""learning_rate"": 0.07863135626293781, ""max_depth"": 6, ""n_estimators"": 1350, ""reg_alpha"": 3.234983879907792, ""reg_lambda"": 0.0025639966494586984, ""subsample"": 0.8332323851063848}",5,4.2728205084061255,3.562055900183579,-0.21783338181487238,0.025949769884241865
1,goleiro,XGB,46,"{""colsample_bytree"": 0.998124664183706, ""learning_rate"": 0.02737895079301408, ""max_depth"": 6, ""n_estimators"": 1450, ""reg_alpha"": 0.012298214373827988, ""reg_lambda"": 1.326749859079806, ""subsample"": 0.6801607045345008}",5,4.281413979351436,3.5396815889252315,-0.22303583223450918,0.030152994660205622
1,goleiro,XGB,48,"{""colsample_bytree"": 0.7248227628879249, ""learning_rate"": 0.08192723171766085, ""max_depth"": 7, ""n_estimators"": 600, ""reg_alpha"": 0.4763965963119043, ""reg_lambda"": 6.013176320686056, ""subsample"": 0.582701476290822}",5,4.318359467061621,3.5736905764954168,-0.2459393784593845,0.014743497240146402
1,goleiro,XGB,52,"{""colsample_bytree"": 0.7551881056278944, ""learning_rate"": 0.0483232940866918, ""max_depth"": 7, ""n_estimators"": 350, ""reg_alpha"": 0.00046086631260659343, ""reg_lambda"": 0.015891781906402485, ""subsample"": 0.5560912927612662}",5,4.324806680626391,3.5775333250112937,-0.24995066463990617,0.023101186876243983
1,goleiro,XGB,15,"{""colsample_bytree"": 0.7939813332632184, ""learning_rate"": 0.04134614638652368, ""max_depth"": 3, ""n_estimators"": 1200, ""reg_alpha"": 1.717391477022521, ""reg_lambda"": 0.9448208774913581, ""subsample"": 0.5712512033060193}",5,4.372166106964679,3.601871815272589,-0.2773614956403626,0.014706769720884704
1,goleiro,XGB,43,"{""colsample_bytree"": 0.9312926610000432, ""learning_rate"": 0.050802920503119554, ""max_depth"": 5, ""n_estimators"": 1350, ""reg_alpha"": 0.00031079511009794237, ""reg_lambda"": 0.0012852024975186147, ""subsample"": 0.7429024833254516}",5,4.393276823411208,3.6151046567852974,-0.2869855146999229,0.017604074687385163
1,goleiro,XGB,57,"{""colsample_bytree"": 0.5409762570634484, ""learning_rate"": 0.06958609604138169, ""max_depth"": 4, ""n_estimators"": 900, ""reg_alpha"": 0.001271168774577201, ""reg_lambda"": 31.683427938302188, ""subsample"": 0.7857788121327758}",5,4.395517895491954,3.6237721443218844,-0.29293131095142555,0.008437039927948623
1,goleiro,XGB,55,"{""colsample_bytree"": 0.588635434396565, ""learning_rate"": 0.0883902768859083, ""max_depth"": 2, ""n_estimators"": 1050, ""reg_alpha"": 0.060573938698703256, ""reg_lambda"": 0.3321280336991138, ""subsample"": 0.645977518055588}",5,4.430167465601974,3.6071111582584097,-0.31219033540175456,0.02085744858622441
1,goleiro,XGB,19,"{""colsample_bytree"": 0.7015934963710606, ""learning_rate"": 0.07184330208075035, ""max_depth"": 3, ""n_estimators"": 1450, ""reg_alpha"": 0.008482996371322014, ""reg_lambda"": 0.00720190126078291, ""subsample"": 0.5363402292132378}",5,4.593336492874061,3.7637312255344133,-0.4087265001474897,0.03426234494308795
2,lateral,RF,45,"{""max_depth"": 8, ""max_features"": ""sqrt"", ""min_samples_leaf"": 20, ""n_estimators"": 500}",5,3.7877545282689207,2.9985052255567313,0.015156592890135734,0.15903184555095592
2,lateral,RF,29,"{""max_depth"": 12, ""max_features"": 0.3, ""min_samples_leaf"": 75, ""n_estimators"": 650}",5,3.788374183568153,3.002352820833302,0.014833037194260434,0.15591419444504656
2,lateral,RF,1,"{""max_depth"": 12, ""max_features"": ""sqrt"", ""min_samples_leaf"": 50, ""n_estimators"": 950}",5,3.788517977706448,3.001603943463036,0.014770144724338552,0.16188113617800604
2,lateral,RF,59,"{""max_depth"": null, ""max_features"": ""sqrt"", ""min_samples_leaf"": 30, ""n_estimators"": 1600}",5,3.7889537361960763,3.000027186004645,0.014549237070269828,0.15770959360027417
2,lateral,RF,57,"{""max_depth"": 8, ""max_features"": 0.3, ""min_samples_leaf"": 75, ""n_estimators"": 850}",5,3.7892643679860534,3.002928631818004,0.014372069258556474,0.15526048942785725
2,lateral,RF,44,"{""max_depth"": 5, ""max_features"": 0.3, ""min_samples_leaf"": 5, ""n_estimators"": 400}",5,3.789285964076054,3.000568451218653,0.014372030515332557,0.15605366140159788
2,lateral,RF,54,"{""max_depth"": 5, ""max_features"": 0.3, ""min_samples_leaf"": 10, ""n_estimators"": 1800}",5,3.789393773870779,2.9996649288753767,0.014309221129886928,0.1573841471409536
2,lateral,RF,18,"{""max_depth"": 5, ""max_features"": ""sqrt"", ""min_samples_leaf"": 20, ""n_estimators"": 1200}",5,3.789514187050172,3.0007439263694127,0.014263256159763116,0.16541561876378927
2,lateral,RF,39,"{""max_depth"": 8, ""max_features"": ""sqrt"", ""min_samples_leaf"": 50, ""n_estimators"": 1350}",5,3.789621238533384,3.002184578723379,0.014199817369026868,0.16134310536986665
2,lateral,RF,55,"{""max_depth"": 12, ""max_features"": 0.5, ""min_samples_leaf"": 75, ""n_estimators"": 1250}",5,3.7896238153487984,3.002760438964546,0.014167211748166908,0.15274130735396996
2,lateral,RF,46,"{""max_depth"": 5, ""max_features"": 0.8, ""min_samples_leaf"": 20, ""n_estimators"": 1450}",5,3.789679851694629,2.9991156696537375,0.014148644744163663,0.15584842963370363
2,lateral,RF,24,"{""max_depth"": 5, ""max_features"": 0.5, ""min_samples_leaf"": 50, ""n_estimators"": 750}",5,3.78971541693808,3.002695950002966,0.014114223690825689,0.15412970417210042
2,lateral,RF,37,"{""max_depth"": null, ""max_features"": 0.5, ""min_samples_leaf"": 50, ""n_estimators"": 350}",5,3.7898717499049313,3.0028507950025576,0.014039312728800013,0.15079134618882523
2,lateral,RF,16,"{""max_depth"": 5, ""max_features"": 0.3, ""min_samples_leaf"": 5, ""n_estimators"": 950}",5,3.7899736146006844,3.000712286012243,0.01401503981281993,0.15545273154941805
2,lateral,RF,3,"{""max_depth"": 12, ""max_features"": 0.3, ""min_samples_leaf"": 30, ""n_estimators"": 1550}",5,3.7901433267503903,3.0009726954680422,0.013888380117914424,0.15073155461914517
2,lateral,RF,28,"{""max_depth"": 5, ""max_features"": ""sqrt"", ""min_samples_leaf"": 30, ""n_estimators"": 400}",5,3.7902446261087754,3.0016278663552534,0.01387210545725972,0.16296209624109162
2,lateral,RF,6,"{""max_depth"": 5, ""max_features"": 0.5, ""min_samples_leaf"": 75, ""n_estimators"": 1650}",5,3.7904886838432135,3.0030657502565057,0.01372346714068513,0.15445512983040183
2,lateral,RF,13,"{""max_depth"": null, ""max_features"": 0.5, ""min_samples_leaf"": 50, ""n_estimators"": 550}",5,3.7905049133063846,3.00347061760582,0.013715933043382988,0.15023824124896665
2,lateral,RF,43,"{""max_depth"": 8, ""max_features"": 0.8, ""min_samples_leaf"": 50, ""n_estimators"": 1750}",5,3.7910817464146844,3.002888524036107,0.01340996934023655,0.14988137813365557
2,lateral,RF,52,"{""max_depth"": 5, ""max_features"": 1.0, ""min_samples_leaf"": 50, ""n_estimators"": 550}",5,3.7911393667788276,3.003272245955252,0.013376911303817263,0.15130052322475904
2,lateral,RF,40,"{""max_depth"": 5, ""max_features"": 0.8, ""min_samples_leaf"": 10, ""n_estimators"": 800}",5,3.7912114658763647,3.0011840437392676,0.013350966057825509,0.15217399609423415
2,lateral,RF,10,"{""max_depth"": 3, ""max_features"": 1.0, ""min_samples_leaf"": 20, ""n_estimators"": 1250}",5,3.791248944105182,3.0005389190749705,0.013336719951121734,0.15979490317512843
2,lateral,RF,64,"{""max_depth"": 3, ""max_features"": 0.5, ""min_samples_leaf"": 30, ""n_estimators"": 950}",5,3.7914408506516972,3.0022745803196256,0.01324665001568972,0.1601181478268811
2,lateral,RF,19,"{""max_depth"": null, ""max_features"": 1.0, ""min_samples_leaf"": 75, ""n_estimators"": 1450}",5,3.791547293742645,3.003313622986062,0.013167794148683654,0.14962394406825258
2,lateral,RF,15,"{""max_depth"": 8, ""max_features"": 1.0, ""min_samples_leaf"": 50, ""n_estimators"": 1150}",5,3.7917823893117344,3.0033202892063997,0.013032199970202907,0.14818930618508802
2,lateral,RF,4,"{""max_depth"": 3, ""max_features"": 0.8, ""min_samples_leaf"": 5, ""n_estimators"": 600}",5,3.79192819371472,3.003349225607426,0.012996545865399556,0.15896123632606138
2,lateral,RF,23,"{""max_depth"": 8, ""max_features"": ""sqrt"", ""min_samples_leaf"": 5, ""n_estimators"": 1300}",5,3.7919440854392144,3.001332978577949,0.012999705400427341,0.15050698012761654
2,lateral,RF,58,"{""max_depth"": 5, ""max_features"": 1.0, ""min_samples_leaf"": 2, ""n_estimators"": 1400}",5,3.7919600798826387,3.001993027266386,0.012988022823123635,0.15145575818421103
2,lateral,RF,42,"{""max_depth"": 3, ""max_features"": 0.5, ""min_samples_leaf"": 5, ""n_estimators"": 1350}",5,3.7926168472703146,3.0037763666155994,0.012641354114614468,0.15908056412279944
2,lateral,RF,2,"{""max_depth"": 3, ""max_features"": 0.5, ""min_samples_leaf"": 5, ""n_estimators"": 1150}",5,3.792822287512813,3.0038450095144325,0.012536796115332715,0.1588516908776181
2,lateral,RF,12,"{""max_depth"": 3, ""max_features"": 0.8, ""min_samples_leaf"": 75, ""n_estimators"": 450}",5,3.792848288065245,3.005174101836939,0.012503678936568119,0.1547046817888385
2,lateral,RF,22,"{""max_depth"": 3, ""max_features"": 0.8, ""min_samples_leaf"": 50, ""n_estimators"": 1700}",5,3.7929465237469047,3.0043219155161567,0.012448471641916337,0.1548181283276479
2,lateral,RF,17,"{""max_depth"": 8, ""max_features"": 0.8, ""min_samples_leaf"": 30, ""n_estimators"": 1050}",5,3.793028875671464,3.0030068847854254,0.012381114115592506,0.14765626835864729
2,lateral,RF,30,"{""max_depth"": 3, ""max_features"": 0.8, ""min_samples_leaf"": 2, ""n_estimators"": 1600}",5,3.793559149924687,3.004610739706531,0.01216234013039168,0.15801260764750458
2,lateral,RF,53,"{""max_depth"": 8, ""max_features"": 1.0, ""min_samples_leaf"": 20, ""n_estimators"": 500}",5,3.793844085535967,3.0029234742087967,0.011952430181833429,0.14720617166019884
2,lateral,RF,41,"{""max_depth"": 12, ""max_features"": 1.0, ""min_samples_leaf"": 30, ""n_estimators"": 750}",5,3.79401115471335,3.0037988434093172,0.01186256924880349,0.14546797305512013
2,lateral,RF,51,"{""max_depth"": 8, ""max_features"": 0.5, ""min_samples_leaf"": 5, ""n_estimators"": 1500}",5,3.7953487408137354,3.0028921032162867,0.011206928815856453,0.1432765745785875
2,lateral,RF,27,"{""max_depth"": 8, ""max_features"": 0.8, ""min_samples_leaf"": 10, ""n_estimators"": 1700}",5,3.795438621010348,3.003078968668526,0.011138272018876228,0.14479295635262193
2,lateral,RF,50,"{""max_depth"": 2, ""max_features"": 0.8, ""min_samples_leaf"": 30, ""n_estimators"": 1200}",5,3.7955746957998016,3.005309177409057,0.011102588373018252,0.16021828809691652
2,lateral,RF,60,"{""max_depth"": 2, ""max_features"": 0.5, ""min_samples_leaf"": 20, ""n_estimators"": 300}",5,3.795814182634775,3.006329165420584,0.010988743122080712,0.1616833866276876
2,lateral,RF,49,"{""max_depth"": null, ""max_features"": ""sqrt"", ""min_samples_leaf"": 10, ""n_estimators"": 1000}",5,3.7959024370520154,3.0041468174511747,0.010940128164566043,0.14267837606714692
2,lateral,RF,31,"{""max_depth"": null, ""max_features"": 0.5, ""min_samples_leaf"": 20, ""n_estimators"": 1100}",5,3.796218254994087,3.004069427087063,0.010725965356375178,0.14327972204169132
2,lateral,RF,32,"{""max_depth"": 2, ""max_features"": 1.0, ""min_samples_leaf"": 10, ""n_estimators"": 900}",5,3.796241665854212,3.006690823755125,0.010753968972991523,0.15884291019625166
2,lateral,RF,9,"{""max_depth"": 12, ""max_features"": 0.5, ""min_samples_leaf"": 20, ""n_estimators"": 700}",5,3.796245202517696,3.0049609395023404,0.010715957962565992,0.14328440589546093
2,lateral,RF,36,"{""max_depth"": 2, ""max_features"": 0.3, ""min_samples_leaf"": 30, ""n_estimators"": 650}",5,3.7967257651604065,3.006847299190583,0.010508161062487842,0.16312682371269577
2,lateral,RF,48,"{""max_depth"": 2, ""max_features"": 1.0, ""min_samples_leaf"": 75, ""n_estimators"": 1050}",5,3.7968383933747845,3.0073281943788213,0.010426341316214383,0.15452351233278394
2,lateral,RF,34,"{""max_depth"": 3, ""max_features"": ""sqrt"", ""min_samples_leaf"": 75, ""n_estimators"": 1050}",5,3.796884759895467,3.00740388499663,0.0104266217926132,0.1644800455583929
2,lateral,RF,56,"{""max_depth"": 3, ""max_features"": ""sqrt"", ""min_samples_leaf"": 2, ""n_estimators"": 700}",5,3.7971792926456884,3.007644040472603,0.010286496130927492,0.1670758480825234
2,lateral,RF,5,"{""max_depth"": 8, ""max_features"": 1.0, ""min_samples_leaf"": 2, ""n_estimators"": 350}",5,3.797276985137065,3.0053290231362864,0.010205041297737494,0.13992091757539432
2,lateral,RF,26,"{""max_depth"": 2, ""max_features"": 0.3, ""min_samples_leaf"": 50, ""n_estimators"": 1350}",5,3.797562043044013,3.007824079452636,0.010068634678604128,0.15988665004184838
2,lateral,RF,38,"{""max_depth"": 2, ""max_features"": 1.0, ""min_samples_leaf"": 5, ""n_estimators"": 1700}",5,3.7976308039699935,3.0077360049721222,0.01002980760863581,0.1583879051963498
2,lateral,RF,20,"{""max_depth"": 2, ""max_features"": 0.3, ""min_samples_leaf"": 2, ""n_estimators"": 500}",5,3.798880919476525,3.0096352883963036,0.009377569662187012,0.16182772533659312
2,lateral,RF,35,"{""max_depth"": null, ""max_features"": 0.8, ""min_samples_leaf"": 20, ""n_estimators"": 1600}",5,3.7993411818861675,3.0073400617430783,0.009117628751958073,0.13986981517426864
2,lateral,RF,21,"{""max_depth"": 12, ""max_features"": 0.3, ""min_samples_leaf"": 10, ""n_estimators"": 400}",5,3.7994545215093325,3.006973592679862,0.00902870970490719,0.13808082426508805
2,lateral,RF,8,"{""max_depth"": 2, ""max_features"": ""sqrt"", ""min_samples_leaf"": 20, ""n_estimators"": 850}",5,3.8037101115411067,3.0117320820529914,0.006870647856060397,0.16689119604577324
2,lateral,RF,62,"{""max_depth"": 2, ""max_features"": ""sqrt"", ""min_samples_leaf"": 75, ""n_estimators"": 1500}",5,3.804175279083304,3.0121302650416704,0.006629835895327752,0.16332217380352881
2,lateral,RF,14,"{""max_depth"": 2, ""max_features"": ""sqrt"", ""min_samples_leaf"": 10, ""n_estimators"": 1500}",5,3.8047398078679793,3.0123985968064226,0.006333737807092388,0.1652038230106582
2,lateral,RF,63,"{""max_depth"": 12, ""max_features"": 1.0, ""min_samples_leaf"": 10, ""n_estimators"": 1100}",5,3.8053266302109576,3.0115851288959545,0.005946166833773225,0.1331834581676879
2,lateral,RF,33,"{""max_depth"": 12, ""max_features"": 0.5, ""min_samples_leaf"": 2, ""n_estimators"": 850}",5,3.8055244548253038,3.015243463433072,0.005920298139001523,0.13213799482226696
2,lateral,RF,11,"{""max_depth"": 12, ""max_features"": 0.3, ""min_samples_leaf"": 2, ""n_estimators"": 1750}",5,3.806741498776433,3.0146017787156674,0.0052625850876241165,0.12918295832581397
2,lateral,RF,7,"{""max_depth"": null, ""max_features"": 0.8, ""min_samples_leaf"": 10, ""n_estimators"": 1400}",5,3.8096799724805614,3.015340317843181,0.003712054239479268,0.1288437012207056
2,lateral,RF,61,"{""max_depth"": null, ""max_features"": 0.8, ""min_samples_leaf"": 5, ""n_estimators"": 600}",5,3.8197388809504167,3.025417781589247,-0.0015499640686629235,0.12111247064375867
2,lateral,RF,47,"{""max_depth"": null, ""max_features"": 0.3, ""min_samples_leaf"": 2, ""n_estimators"": 1250}",5,3.8297922970962546,3.037954803387837,-0.0068089572192108205,0.11077392831795421
2,lateral,RF,25,"{""max_depth"": null, ""max_features"": 1.0, ""min_samples_leaf"": 2, ""n_estimators"": 800}",5,3.841288723555317,3.04853419140888,-0.012819451479434618,0.1053827934387738
2,lateral,XGB,27,"{""colsample_bytree"": 0.8746695355512202, ""learning_rate"": 0.0018398171995602861, ""max_depth"": 4, ""n_estimators"": 1400, ""reg_alpha"": 0.00014290338823853393, ""reg_lambda"": 0.08051163426115664, ""subsample"": 0.672683147713542}",5,3.7962135230060907,3.0057504722622066,0.010803482219810801,0.14577840347801854
2,lateral,XGB,11,"{""colsample_bytree"": 0.9920489201322198, ""learning_rate"": 0.004490724301900747, ""max_depth"": 2, ""n_estimators"": 1250, ""reg_alpha"": 9.628490946412484, ""reg_lambda"": 26.337947323259108, ""subsample"": 0.8750924048945308}",5,3.79697378371858,3.00329803462384,0.01039721722960758,0.15045148465838834
2,lateral,XGB,33,"{""colsample_bytree"": 0.7658711154945195, ""learning_rate"": 0.004631640475716694, ""max_depth"": 4, ""n_estimators"": 700, ""reg_alpha"": 0.14550446952706136, ""reg_lambda"": 0.00624533915595389, ""subsample"": 0.6265157125890255}",5,3.7974482684280786,3.004382625399795,0.010138638159049229,0.1438803996697277
2,lateral,XGB,13,"{""colsample_bytree"": 0.5519214449450374, ""learning_rate"": 0.01285055226681729, ""max_depth"": 3, ""n_estimators"": 350, ""reg_alpha"": 0.0003430101828087219, ""reg_lambda"": 4.282157839548478, ""subsample"": 0.6602999758906662}",5,3.797682064665397,3.0025989540114812,0.009988860286299483,0.14503230865853367
2,lateral,XGB,61,"{""colsample_bytree"": 0.7374551789835095, ""learning_rate"": 0.008400449652882712, ""max_depth"": 2, ""n_estimators"": 250, ""reg_alpha"": 0.0001568007746195425, ""reg_lambda"": 1.2109870044864097, ""subsample"": 0.7307628551498055}",5,3.7978478030742613,3.007199862271958,0.009940442808428318,0.15657782530272196
2,lateral,XGB,47,"{""colsample_bytree"": 0.847130146343261, ""learning_rate"": 0.0036360600107161654, ""max_depth"": 2, ""n_estimators"": 1200, ""reg_alpha"": 0.000812743410640046, ""reg_lambda"": 0.03981914554537361, ""subsample"": 0.7972003198228776}",5,3.7978585339545807,3.0067023354919766,0.009972601907273448,0.14638000366025303
2,lateral,XGB,35,"{""colsample_bytree"": 0.5081904069520533, ""learning_rate"": 0.0014889294596340775, ""max_depth"": 2, ""n_estimators"": 1550, ""reg_alpha"": 0.004037281769150291, ""reg_lambda"": 0.025470630483935896, ""subsample"": 0.6068074083887041}",5,3.7981749503259046,3.0088319721774726,0.009789847757105652,0.15471800031976657
2,lateral,XGB,25,"{""colsample_bytree"": 0.6011153836734593, ""learning_rate"": 0.005929528583067072, ""max_depth"": 3, ""n_estimators"": 850, ""reg_alpha"": 2.2446897840093656, ""reg_lambda"": 0.0010023940428399874, ""subsample"": 0.5898452992551029}",5,3.79921987298682,3.0057155533069677,0.009227658748388334,0.14305830764831978
2,lateral,XGB,5,"{""colsample_bytree"": 0.8798112468793988, ""learning_rate"": 0.0032512984489769512, ""max_depth"": 4, ""n_estimators"": 400, ""reg_alpha"": 0.002497742980329767, ""reg_lambda"": 0.3831243470438582, ""subsample"": 0.5485846274532378}",5,3.799248186554346,3.0081964147420583,0.00919892690727595,0.15177543100703342
2,lateral,XGB,63,"{""colsample_bytree"": 0.979510891251266, ""learning_rate"": 0.0026110093348935635, ""max_depth"": 4, ""n_estimators"": 1100, ""reg_alpha"": 3.625531059333283, ""reg_lambda"": 3.3753537857177265, ""subsample"": 0.5006052111275494}",5,3.8006468833542018,3.0043310964043295,0.008450046605242756,0.14314547086003823
2,lateral,XGB,54,"{""colsample_bytree"": 0.6949512772262096, ""learning_rate"": 0.0011780835331739355, ""max_depth"": 5, ""n_estimators"": 1250, ""reg_alpha"": 1.476405538392317, ""reg_lambda"": 0.1370533492761394, ""subsample"": 0.7786347051151097}",5,3.8019365848315076,3.0100184752583856,0.007822411978642464,0.13964677094424655
2,lateral,XGB,49,"{""colsample_bytree"": 0.8986299997195601, ""learning_rate"": 0.002041720258446412, ""max_depth"": 3, ""n_estimators"": 600, ""reg_alpha"": 0.01992193781312205, ""reg_lambda"": 2.8719474920345007, ""subsample"": 0.9231212893500924}",5,3.805202807474984,3.01298934700592,0.006106126670827927,0.14502752350128967
2,lateral,XGB,9,"{""colsample_bytree"": 0.7343453234061599, ""learning_rate"": 0.001343436495512724, ""max_depth"": 5, ""n_estimators"": 750, ""reg_alpha"": 0.0006084851655633791, ""reg_lambda"": 0.5926427719675725, ""subsample"": 0.8562451475299895}",5,3.8058954346529554,3.0129909240114703,0.00576568094666059,0.14064006589980454
2,lateral,XGB,21,"{""colsample_bytree"": 0.7623283811844885, ""learning_rate"": 0.0025057115394290256, ""max_depth"": 2, ""n_estimators"": 500, ""reg_alpha"": 0.5403086083780577, ""reg_lambda"": 0.0032301550182275303, ""subsample"": 0.7510215635411441}",5,3.808483463080614,3.0164084431556466,0.004386860289282901,0.1475223468011722
2,lateral,XGB,7,"{""colsample_bytree"": 0.6531320987269282, ""learning_rate"": 0.0010481619572072865, ""max_depth"": 3, ""n_estimators"": 950, ""reg_alpha"": 0.1327063227683239, ""reg_lambda"": 21.030813240718224, ""subsample"": 0.7158950148150325}",5,3.8088787984720414,3.0141382432530377,0.004168500937841224,0.15379752764530322
2,lateral,XGB,60,"{""colsample_bytree"": 0.6763605996966362, ""learning_rate"": 0.0016520589744992386, ""max_depth"": 7, ""n_estimators"": 400, ""reg_alpha"": 0.03410733210713404, ""reg_lambda"": 0.0014075405725347294, ""subsample"": 0.6684969747439027}",5,3.808885999687464,3.0178251407929335,0.004175244688205249,0.1384780294126872
2,lateral,XGB,44,"{""colsample_bytree"": 0.5594679932110012, ""learning_rate"": 0.006665560018000852, ""max_depth"": 5, ""n_estimators"": 550, ""reg_alpha"": 0.08548062648554937, ""reg_lambda"": 0.8344129196802617, ""subsample"": 0.9025939740240574}",5,3.8097980784947487,3.010645330513111,0.003723109089242649,0.133396680220709
2,lateral,XGB,40,"{""colsample_bytree"": 0.8358770660124719, ""learning_rate"": 0.002766468636951521, ""max_depth"": 6, ""n_estimators"": 800, ""reg_alpha"": 7.686195398162609, ""reg_lambda"": 0.27283408982660134, ""subsample"": 0.6887596286833286}",5,3.810207233157898,3.0136562837529124,0.0034875911428629003,0.12950682633210722
2,lateral,XGB,20,"{""colsample_bytree"": 0.8234229604713619, ""learning_rate"": 0.005495244607579209, ""max_depth"": 7, ""n_estimators"": 300, ""reg_alpha"": 1.3467411425523819, ""reg_lambda"": 2.039814741993465, ""subsample"": 0.8142573009245098}",5,3.811801210730748,3.0139503920713557,0.002676046390532938,0.12808468074055127
2,lateral,XGB,32,"{""colsample_bytree"": 0.5314727774821222, ""learning_rate"": 0.0013176494637767546, ""max_depth"": 8, ""n_estimators"": 700, ""reg_alpha"": 0.21616988694426761, ""reg_lambda"": 1.7005066806546008, ""subsample"": 0.5281029711477458}",5,3.812900692829941,3.014381041776294,0.0020864586003561227,0.13455896914579682
2,lateral,XGB,4,"{""colsample_bytree"": 0.9407866224646568, ""learning_rate"": 0.002213702058861375, ""max_depth"": 6, ""n_estimators"": 250, ""reg_alpha"": 0.0010204471682872405, ""reg_lambda"": 0.004447703278271244, ""subsample"": 0.6103793778456748}",5,3.8134069305979317,3.021305752122226,0.001805639154586558,0.1352535742004555
2,lateral,XGB,18,"{""colsample_bytree"": 0.5811041458509862, ""learning_rate"": 0.0017040940593697487, ""max_depth"": 7, ""n_estimators"": 1250, ""reg_alpha"": 0.00023752055550926352, ""reg_lambda"": 7.644585859264176, ""subsample"": 0.9190638717263937}",5,3.815117909544482,3.013000469477436,0.0009493415200658717,0.1261295763735633
2,lateral,XGB,41,"{""colsample_bytree"": 0.6577429310418665, ""learning_rate"": 0.015763846491624395, ""max_depth"": 2, ""n_estimators"": 750, ""reg_alpha"": 1.0698996916657113, ""reg_lambda"": 0.06348313321944471, ""subsample"": 0.5199311319738626}",5,3.816248680076311,3.0132357550368143,0.00028330356902226404,0.13408955067366637
2,lateral,XGB,51,"{""colsample_bytree"": 0.625068218447268, ""learning_rate"": 0.006123118498998678, ""max_depth"": 3, ""n_estimators"": 1500, ""reg_alpha"": 0.7211395848937334, ""reg_lambda"": 10.763200496285176, ""subsample"": 0.8413888667710125}",5,3.816251630646984,3.012868392338934,0.00031211200814063034,0.13289587801118433
2,lateral,XGB,42,"{""colsample_bytree"": 0.7859143181703985, ""learning_rate"": 0.002143920320921273, ""max_depth"": 8, ""n_estimators"": 1000, ""reg_alpha"": 0.0068914604090100215, ""reg_lambda"": 37.08234018435227, ""subsample"": 0.8599325171671808}",5,3.8166149137828365,3.0119293547682275,0.00017786178731500347,0.12438142911652775
2,lateral,XGB,45,"{""colsample_bytree"": 0.6204433687962592, ""learning_rate"": 0.001090790035319715, ""max_depth"": 4, ""n_estimators"": 300, ""reg_alpha"": 18.706628843514043, ""reg_lambda"": 0.00790461735887091, ""subsample"": 0.9653586409986019}",5,3.8279042924366067,3.0287445310098478,-0.005814507003744885,0.1402461299051768
2,lateral,XGB,28,"{""colsample_bytree"": 0.7450284226797521, ""learning_rate"": 0.014025125492043775, ""max_depth"": 6, ""n_estimators"": 450, ""reg_alpha"": 0.1793833183312084, ""reg_lambda"": 44.60854559316446, ""subsample"": 0.957188309635967}",5,3.840905520926237,3.02995479337563,-0.012680209532187181,0.11291574364098822
2,lateral,XGB,58,"{""colsample_bytree"": 0.9186565261334181, ""learning_rate"": 0.004957440910297297, ""max_depth"": 6, ""n_estimators"": 1000, ""reg_alpha"": 0.41988357076504595, ""reg_lambda"": 0.11305201399703872, ""subsample"": 0.5628424664027989}",5,3.845758646614211,3.0366632920973022,-0.015380708861597347,0.11014083754082551
2,lateral,XGB,16,"{""colsample_bytree"": 0.6643393728882074, ""learning_rate"": 0.009613210406115657, ""max_depth"": 6, ""n_estimators"": 550, ""reg_alpha"": 0.006281505062889137, ""reg_lambda"": 0.011128819174605627, ""subsample"": 0.7930179634131491}",5,3.846497623693577,3.037820446739556,-0.015729395969210015,0.11085248748654779
2,lateral,XGB,23,"{""colsample_bytree"": 0.5202497807331383, ""learning_rate"": 0.0075022974260527345, ""max_depth"": 5, ""n_estimators"": 1000, ""reg_alpha"": 0.01024644746852143, ""reg_lambda"": 0.19295607109604784, ""subsample"": 0.9822710435837507}",5,3.8513141724215174,3.0350700458860915,-0.018324718758928805,0.10966529168562492
2,lateral,XGB,30,"{""colsample_bytree"": 0.8047864767722785, ""learning_rate"": 0.003942963502548866, ""max_depth"": 6, ""n_estimators"": 1500, ""reg_alpha"": 0.025539210560561278, ""reg_lambda"": 4.739810499307139, ""subsample"": 0.7344540413469076}",5,3.852149595037467,3.038225698767966,-0.01861898677272602,0.10717483977320386
2,lateral,XGB,64,"{""colsample_bytree"": 0.6076851300895214, ""learning_rate"": 0.011227804513833603, ""max_depth"": 5, ""n_estimators"": 700, ""reg_alpha"": 0.002871073107828411, ""reg_lambda"": 0.04658745025094497, ""subsample"": 0.848038955591619}",5,3.8607349779322115,3.045181163770552,-0.02330835684430379,0.1053529167334271
2,lateral,XGB,1,"{""colsample_bytree"": 0.8420405397191644, ""learning_rate"": 0.052401111326278366, ""max_depth"": 2, ""n_estimators"": 650, ""reg_alpha"": 0.0441007577115268, ""reg_lambda"": 12.15616707960732, ""subsample"": 0.9933395576663315}",5,3.865327513676384,3.0433033016517603,-0.025750891450669933,0.11630354531105336
2,lateral,XGB,56,"{""colsample_bytree"": 0.9682726059108973, ""learning_rate"": 0.003788240270303302, ""max_depth"": 8, ""n_estimators"": 800, ""reg_alpha"": 0.00038382998333558036, ""reg_lambda"": 0.0022943142751041196, ""subsample"": 0.9858468258753419}",5,3.868338701150896,3.0555880076600426,-0.027165184179135514,0.10371479509164401
2,lateral,XGB,17,"{""colsample_bytree"": 0.959278388414532, ""learning_rate"": 0.023096009833932004, ""max_depth"": 3, ""n_estimators"": 650, ""reg_alpha"": 0.06680326520081972, ""reg_lambda"": 0.02231492610622683, ""subsample"": 0.6971659897826612}",5,3.8725734401163736,3.0511935704290787,-0.029632612100714505,0.11350301183479368
2,lateral,XGB,39,"{""colsample_bytree"": 0.7057563909329474, ""learning_rate"": 0.012347566093322326, ""max_depth"": 4, ""n_estimators"": 900, ""reg_alpha"": 0.022552822868291172, ""reg_lambda"": 0.003609847874428303, ""subsample"": 0.91180708585307}",5,3.87380782289501,3.052233658744746,-0.03034329358993402,0.10278225859538423
2,lateral,XGB,36,"{""colsample_bytree"": 0.8878286643885076, ""learning_rate"": 0.019469096724278347, ""max_depth"": 8, ""n_estimators"": 250, ""reg_alpha"": 2.9329328360091673, ""reg_lambda"": 8.633929564496423, ""subsample"": 0.7594151217490435}",5,3.8767774651396865,3.053273543752381,-0.03159372532287321,0.09012771438274986
2,lateral,XGB,14,"{""colsample_bytree"": 0.9222831837832928, ""learning_rate"": 0.0030973627237326166, ""max_depth"": 8, ""n_estimators"": 1500, ""reg_alpha"": 0.05293598013799995, ""reg_lambda"": 0.05606127291979353, ""subsample"": 0.9383519990369678}",5,3.87786928869279,3.065088343979812,-0.032291241004343794,0.09876877821738313
2,lateral,XGB,37,"{""colsample_bytree"": 0.9478239086456597, ""learning_rate"": 0.03696796581742612, ""max_depth"": 3, ""n_estimators"": 450, ""reg_alpha"": 0.26060582779238295, ""reg_lambda"": 0.17090188783792123, ""subsample"": 0.8216686192899942}",5,3.89041206642187,3.0566395772770276,-0.0394553567256968,0.0997040868080196
2,lateral,XGB,31,"{""colsample_bytree"": 0.9116039820946753, ""learning_rate"": 0.029685712756611225, ""max_depth"": 2, ""n_estimators"": 1150, ""reg_alpha"": 0.001687556076331206, ""reg_lambda"": 0.00940894863633519, ""subsample"": 0.8674238249659538}",5,3.9129776015495326,3.078869740323081,-0.05157998778184407,0.09991624335133603
2,lateral,XGB,2,"{""colsample_bytree"": 0.7143479268997908, ""learning_rate"": 0.007395679895504517, ""max_depth"": 8, ""n_estimators"": 1100, ""reg_alpha"": 5.759597024686567, ""reg_lambda"": 0.018139186678553524, ""subsample"": 0.6541326744481921}",5,3.9231170607866384,3.0930367968260244,-0.05663770316820225,0.07413939676186336
2,lateral,XGB,59,"{""colsample_bytree"": 0.798668778501451, ""learning_rate"": 0.020816692210975932, ""max_depth"": 3, ""n_estimators"": 1350, ""reg_alpha"": 4.343069730423279, ""reg_lambda"": 0.49772459663947555, ""subsample"": 0.9457418532110751}",5,3.928414981150256,3.083215919198044,-0.05977757783404196,0.08785329396610074
2,lateral,XGB,53,"{""colsample_bytree"": 0.8153101680800319, ""learning_rate"": 0.02849473028555064, ""max_depth"": 5, ""n_estimators"": 500, ""reg_alpha"": 0.005280767254648216, ""reg_lambda"": 23.997015200433662, ""subsample"": 0.6188073074445128}",5,3.9297727655305947,3.0890791721994812,-0.06018971605886318,0.07458289232242103
2,lateral,XGB,38,"{""colsample_bytree"": 0.5779561433009803, ""learning_rate"": 0.009227227478763743, ""max_depth"": 7, ""n_estimators"": 1400, ""reg_alpha"": 0.001983582302515068, ""reg_lambda"": 14.976717799289693, ""subsample"": 0.5445310226641595}",5,3.9426394841369676,3.0983118091304975,-0.06695506216610717,0.06236531401070113
2,lateral,XGB,22,"{""colsample_bytree"": 0.634636556264013, ""learning_rate"": 0.010040733607247688, ""max_depth"": 8, ""n_estimators"": 1300, ""reg_alpha"": 0.0009014128052613807, ""reg_lambda"": 0.23651773248921085, ""subsample"": 0.5995530784130096}",5,3.965212794941125,3.125926180141664,-0.07950905263112702,0.062361388822282184
2,lateral,XGB,50,"{""colsample_bytree"": 0.528761200606823, ""learning_rate"": 0.014463668457163206, ""max_depth"": 7, ""n_estimators"": 1200, ""reg_alpha"": 12.0126181962634, ""reg_lambda"": 0.005128933757525393, ""subsample"": 0.7087259427644312}",5,3.982004583788396,3.1288742580191404,-0.0884288104342061,0.05125560744738329
2,lateral,XGB,3,"{""colsample_bytree"": 0.568467921577394, ""learning_rate"": 0.017472093072865933, ""max_depth"": 4, ""n_estimators"": 1600, ""reg_alpha"": 0.34571092703989953, ""reg_lambda"": 2.5707189730362927, ""subsample"": 0.771475781686604}",5,3.9831614033922684,3.1176629036241126,-0.08950603483054657,0.06834041100691662
2,lateral,XGB,29,"{""colsample_bytree"": 0.6849063602276146, ""learning_rate"": 0.09895231820360668, ""max_depth"": 5, ""n_estimators"": 200, ""reg_alpha"": 8.486350903976925, ""reg_lambda"": 0.03309009814489493, ""subsample"": 0.8954403041861951}",5,3.999368010621358,3.1377706135879495,-0.09835287400385266,0.06778820622496189
2,lateral,XGB,8,"{""colsample_bytree"": 0.774960707873106, ""learning_rate"": 0.024452475688516433, ""max_depth"": 7, ""n_estimators"": 850, ""reg_alpha"": 0.0001815894891979192, ""reg_lambda"": 0.12138868227886604, ""subsample"": 0.9315543291158974}",5,4.008887839369798,3.1563928170488103,-0.10327269987143302,0.0645999434079581
2,lateral,XGB,24,"{""colsample_bytree"": 0.892569515388459, ""learning_rate"": 0.03348820820102673, ""max_depth"": 5, ""n_estimators"": 750, ""reg_alpha"": 15.937853779380706, ""reg_lambda"": 17.08906170519083, ""subsample"": 0.6339206709526479}",5,4.011878554838459,3.1448598306169706,-0.1048793688051139,0.05005111187953655
2,lateral,XGB,10,"{""colsample_bytree"": 0.8542246446013451, ""learning_rate"": 0.01885426178034407, ""max_depth"": 5, ""n_estimators"": 1050, ""reg_alpha"": 0.9310894278999958, ""reg_lambda"": 0.00180465362119513, ""subsample"": 0.5080011310055852}",5,4.023186957359409,3.1563777986476493,-0.11158561953235427,0.054247130452268776
2,lateral,XGB,26,"{""colsample_bytree"": 0.9714782158844173, ""learning_rate"": 0.04360293748713706, ""max_depth"": 7, ""n_estimators"": 950, ""reg_alpha"": 0.003169131557164582, ""reg_lambda"": 0.7007719376827588, ""subsample"": 0.8056433498859406}",5,4.044025695191706,3.177692239826146,-0.12263029468088962,0.06627407238151863
2,lateral,XGB,62,"{""colsample_bytree"": 0.8656257186084986, ""learning_rate"": 0.0348490031673198, ""max_depth"": 8, ""n_estimators"": 1600, ""reg_alpha"": 0.11172547145130801, ""reg_lambda"": 0.013246779920703116, ""subsample"": 0.8835141197778285}",5,4.0442074369193985,3.178761872118037,-0.12250724797021313,0.052008541013717415
2,lateral,XGB,52,"{""colsample_bytree"": 0.7551881056278944, ""learning_rate"": 0.0483232940866918, ""max_depth"": 7, ""n_estimators"": 350, ""reg_alpha"": 0.00046086631260659343, ""reg_lambda"": 0.015891781906402485, ""subsample"": 0.5560912927612662}",5,4.07204937956459,3.188695718240672,-0.13865215848635298,0.0464427209872702
2,lateral,XGB,12,"{""colsample_bytree"": 0.6119166892021894, ""learning_rate"": 0.05657870886178703, ""max_depth"": 8, ""n_estimators"": 500, ""reg_alpha"": 0.0163288343167791, ""reg_lambda"": 0.08914130472717753, ""subsample"": 0.723521423060447}",5,4.080970297129319,3.2087725797952182,-0.14318791077100396,0.043873908040932844
2,lateral,XGB,15,"{""colsample_bytree"": 0.7939813332632184, ""learning_rate"": 0.04134614638652368, ""max_depth"": 3, ""n_estimators"": 1200, ""reg_alpha"": 1.717391477022521, ""reg_lambda"": 0.9448208774913581, ""subsample"": 0.5712512033060193}",5,4.084159820450743,3.181012681654251,-0.14595382978187937,0.05194088127795846
2,lateral,XGB,34,"{""colsample_bytree"": 0.6455130795948207, ""learning_rate"": 0.06278094966476376, ""max_depth"": 6, ""n_estimators"": 1150, ""reg_alpha"": 0.00011301598909911128, ""reg_lambda"": 1.825867517681074, ""subsample"": 0.9740891489200294}",5,4.093502775102786,3.2112381710281688,-0.15020841374486982,0.04825689261285394
2,lateral,XGB,55,"{""colsample_bytree"": 0.588635434396565, ""learning_rate"": 0.0883902768859083, ""max_depth"": 2, ""n_estimators"": 1050, ""reg_alpha"": 0.060573938698703256, ""reg_lambda"": 0.3321280336991138, ""subsample"": 0.645977518055588}",5,4.101175003947674,3.205228150981371,-0.15542774087449024,0.06180524869414199
2,lateral,XGB,57,"{""colsample_bytree"": 0.5409762570634484, ""learning_rate"": 0.06958609604138169, ""max_depth"": 4, ""n_estimators"": 900, ""reg_alpha"": 0.001271168774577201, ""reg_lambda"": 31.683427938302188, ""subsample"": 0.7857788121327758}",5,4.101316853391944,3.205064522825134,-0.15496398171918507,0.04714675346547525
2,lateral,XGB,46,"{""colsample_bytree"": 0.998124664183706, ""learning_rate"": 0.02737895079301408, ""max_depth"": 6, ""n_estimators"": 1450, ""reg_alpha"": 0.012298214373827988, ""reg_lambda"": 1.326749859079806, ""subsample"": 0.6801607045345008}",5,4.104617394233442,3.2162924048956567,-0.15658607341734934,0.03603498508860875
2,lateral,XGB,6,"{""colsample_bytree"": 0.5016359183937311, ""learning_rate"": 0.07863135626293781, ""max_depth"": 6, ""n_estimators"": 1350, ""reg_alpha"": 3.234983879907792, ""reg_lambda"": 0.0025639966494586984, ""subsample"": 0.8332323851063848}",5,4.130545693968939,3.237612874406653,-0.17117768363701477,0.03726474461807367
2,lateral,XGB,43,"{""colsample_bytree"": 0.9312926610000432, ""learning_rate"": 0.050802920503119554, ""max_depth"": 5, ""n_estimators"": 1350, ""reg_alpha"": 0.00031079511009794237, ""reg_lambda"": 0.0012852024975186147, ""subsample"": 0.7429024833254516}",5,4.175765641537536,3.2806416810868564,-0.19712060042282062,0.03807035340610761
2,lateral,XGB,48,"{""colsample_bytree"": 0.7248227628879249, ""learning_rate"": 0.08192723171766085, ""max_depth"": 7, ""n_estimators"": 600, ""reg_alpha"": 0.4763965963119043, ""reg_lambda"": 6.013176320686056, ""subsample"": 0.582701476290822}",5,4.177419859139616,3.2767167992287805,-0.1977663386007864,0.011422016584244203
2,lateral,XGB,19,"{""colsample_bytree"": 0.7015934963710606, ""learning_rate"": 0.07184330208075035, ""max_depth"": 3, ""n_estimators"": 1450, ""reg_alpha"": 0.008482996371322014, ""reg_lambda"": 0.00720190126078291, ""subsample"": 0.5363402292132378}",5,4.323108274131075,3.3639314581427087,-0.28370501735231557,0.03248388764828146
3,zagueiro,RF,32,"{""max_depth"": 2, ""max_features"": 1.0, ""min_samples_leaf"": 10, ""n_estimators"": 900}",5,3.344806940461061,2.7262589295202475,0.011231339734347135,0.12281125582624064
3,zagueiro,RF,26,"{""max_depth"": 2, ""max_features"": 0.3, ""min_samples_leaf"": 50, ""n_estimators"": 1350}",5,3.3457816976255517,2.7262892713403497,0.010671793022811227,0.12367563848063812
3,zagueiro,RF,60,"{""max_depth"": 2, ""max_features"": 0.5, ""min_samples_leaf"": 20, ""n_estimators"": 300}",5,3.34580377363341,2.727533943612746,0.010641609908502825,0.12241397263971783
3,zagueiro,RF,36,"{""max_depth"": 2, ""max_features"": 0.3, ""min_samples_leaf"": 30, ""n_estimators"": 650}",5,3.3460654318855285,2.7268856559421835,0.010477114111569551,0.12365403653869245
3,zagueiro,RF,56,"{""max_depth"": 3, ""max_features"": ""sqrt"", ""min_samples_leaf"": 2, ""n_estimators"": 700}",5,3.346169362680756,2.72900353028167,0.01040686591058031,0.11702915114350032
3,zagueiro,RF,18,"{""max_depth"": 5, ""max_features"": ""sqrt"", ""min_samples_leaf"": 20, ""n_estimators"": 1200}",5,3.346261290744608,2.726903728021246,0.010383276100418759,0.11514349217805883
3,zagueiro,RF,28,"{""max_depth"": 5, ""max_features"": ""sqrt"", ""min_samples_leaf"": 30, ""n_estimators"": 400}",5,3.3463052780990523,2.7260633529787244,0.010362518679297428,0.11525779351901058
3,zagueiro,RF,48,"{""max_depth"": 2, ""max_features"": 1.0, ""min_samples_leaf"": 75, ""n_estimators"": 1050}",5,3.346521737042095,2.726771094241747,0.010291695988253635,0.11732839197957126
3,zagueiro,RF,20,"{""max_depth"": 2, ""max_features"": 0.3, ""min_samples_leaf"": 2, ""n_estimators"": 500}",5,3.3465996217910443,2.7283080698792297,0.010154997631726514,0.11692709371142689
3,zagueiro,RF,34,"{""max_depth"": 3, ""max_features"": ""sqrt"", ""min_samples_leaf"": 75, ""n_estimators"": 1050}",5,3.346607333518474,2.7270407600845816,0.010180968201422669,0.11990663700492539
3,zagueiro,RF,50,"{""max_depth"": 2, ""max_features"": 0.8, ""min_samples_leaf"": 30, ""n_estimators"": 1200}",5,3.3467963030638734,2.72704952210164,0.01008622917459312,0.11796212961783059
3,zagueiro,RF,10,"{""max_depth"": 3, ""max_features"": 1.0, ""min_samples_leaf"": 20, ""n_estimators"": 1250}",5,3.346974865625325,2.7275669435980014,0.009967960771514805,0.11542499760855063
3,zagueiro,RF,42,"{""max_depth"": 3, ""max_features"": 0.5, ""min_samples_leaf"": 5, ""n_estimators"": 1350}",5,3.3469955313078055,2.728082444338885,0.009949817519038917,0.11357962215832762
3,zagueiro,RF,64,"{""max_depth"": 3, ""max_features"": 0.5, ""min_samples_leaf"": 30, ""n_estimators"": 950}",5,3.3470972519322912,2.7271840423899802,0.009914305378077647,0.1148343234624037
3,zagueiro,RF,2,"{""max_depth"": 3, ""max_features"": 0.5, ""min_samples_leaf"": 5, ""n_estimators"": 1150}",5,3.3471114375194837,2.727987099618532,0.0098824503838433,0.11310457414409744
3,zagueiro,RF,38,"{""max_depth"": 2, ""max_features"": 1.0, ""min_samples_leaf"": 5, ""n_estimators"": 1700}",5,3.3471362751145053,2.7289524177612914,0.009848374472691889,0.11492334515795548
3,zagueiro,RF,14,"{""max_depth"": 2, ""max_features"": ""sqrt"", ""min_samples_leaf"": 10, ""n_estimators"": 1500}",5,3.347714498335808,2.730218106726788,0.00946554565755986,0.1247470387967898
3,zagueiro,RF,12,"{""max_depth"": 3, ""max_features"": 0.8, ""min_samples_leaf"": 75, ""n_estimators"": 450}",5,3.347773515897599,2.726410703215513,0.009563098988247342,0.11356419964830433
3,zagueiro,RF,22,"{""max_depth"": 3, ""max_features"": 0.8, ""min_samples_leaf"": 50, ""n_estimators"": 1700}",5,3.347819271608473,2.7271406123708823,0.009526851110345236,0.11342180076141908
3,zagueiro,RF,39,"{""max_depth"": 8, ""max_features"": ""sqrt"", ""min_samples_leaf"": 50, ""n_estimators"": 1350}",5,3.347878002985189,2.7264699377768378,0.009438573563029306,0.1093826723664036
3,zagueiro,RF,4,"{""max_depth"": 3, ""max_features"": 0.8, ""min_samples_leaf"": 5, ""n_estimators"": 600}",5,3.3479607566791527,2.728984377639202,0.009381134745889929,0.11195317977234683
3,zagueiro,RF,8,"{""max_depth"": 2, ""max_features"": ""sqrt"", ""min_samples_leaf"": 20, ""n_estimators"": 850}",5,3.3479732376041254,2.7303499959522477,0.00931148794023986,0.12598719266530586
3,zagueiro,RF,62,"{""max_depth"": 2, ""max_features"": ""sqrt"", ""min_samples_leaf"": 75, ""n_estimators"": 1500}",5,3.3480468750847683,2.729406490640568,0.009293718835693632,0.12394827451865231
3,zagueiro,RF,1,"{""max_depth"": 12, ""max_features"": ""sqrt"", ""min_samples_leaf"": 50, ""n_estimators"": 950}",5,3.3488235689108707,2.7270257214675926,0.008873563826449816,0.1066253644349017
3,zagueiro,RF,30,"{""max_depth"": 3, ""max_features"": 0.8, ""min_samples_leaf"": 2, ""n_estimators"": 1600}",5,3.3488966684614754,2.7292885790763792,0.008844707707739773,0.10870727035665384
3,zagueiro,RF,54,"{""max_depth"": 5, ""max_features"": 0.3, ""min_samples_leaf"": 10, ""n_estimators"": 1800}",5,3.3493404058031153,2.7297661545833334,0.00857298430918323,0.10777326929011136
3,zagueiro,RF,6,"{""max_depth"": 5, ""max_features"": 0.5, ""min_samples_leaf"": 75, ""n_estimators"": 1650}",5,3.3496691270644066,2.7279618703320248,0.008425609278284396,0.1070379116680747
3,zagueiro,RF,16,"{""max_depth"": 5, ""max_features"": 0.3, ""min_samples_leaf"": 5, ""n_estimators"": 950}",5,3.349707355090294,2.7304412172608523,0.008338800874920537,0.10810291211621428
3,zagueiro,RF,24,"{""max_depth"": 5, ""max_features"": 0.5, ""min_samples_leaf"": 50, ""n_estimators"": 750}",5,3.3501336691425805,2.728214196128941,0.008151410773689239,0.10724822740487053
3,zagueiro,RF,45,"{""max_depth"": 8, ""max_features"": ""sqrt"", ""min_samples_leaf"": 20, ""n_estimators"": 500}",5,3.350141295711154,2.72982924676523,0.008061227618451761,0.10449523150757575
3,zagueiro,RF,57,"{""max_depth"": 8, ""max_features"": 0.3, ""min_samples_leaf"": 75, ""n_estimators"": 850}",5,3.3501809872854706,2.7275480294426715,0.008074616728306849,0.10541264318300456
3,zagueiro,RF,29,"{""max_depth"": 12, ""max_features"": 0.3, ""min_samples_leaf"": 75, ""n_estimators"": 650}",5,3.350342328926186,2.7273754438337328,0.007975615036673744,0.10553522599873393
3,zagueiro,RF,59,"{""max_depth"": null, ""max_features"": ""sqrt"", ""min_samples_leaf"": 30, ""n_estimators"": 1600}",5,3.3508042360584946,2.7285834405950817,0.007696268418372121,0.10288684790626598
3,zagueiro,RF,23,"{""max_depth"": 8, ""max_features"": ""sqrt"", ""min_samples_leaf"": 5, ""n_estimators"": 1300}",5,3.351490271283363,2.7337724867746807,0.007296178249336238,0.10259500129990333
3,zagueiro,RF,55,"{""max_depth"": 12, ""max_features"": 0.5, ""min_samples_leaf"": 75, ""n_estimators"": 1250}",5,3.3519331336059563,2.728874928199736,0.007059321555677456,0.10278855323670699
3,zagueiro,RF,44,"{""max_depth"": 5, ""max_features"": 0.3, ""min_samples_leaf"": 5, ""n_estimators"": 400}",5,3.352356473083341,2.7331661758800117,0.006763907522649215,0.10231318125473203
3,zagueiro,RF,40,"{""max_depth"": 5, ""max_features"": 0.8, ""min_samples_leaf"": 10, ""n_estimators"": 800}",5,3.352374542638502,2.7317918881059304,0.006762768621559068,0.10419226644522761
3,zagueiro,RF,19,"{""max_depth"": null, ""max_features"": 1.0, ""min_samples_leaf"": 75, ""n_estimators"": 1450}",5,3.353356655560063,2.729736727180325,0.006256879614946209,0.10171335372423326
3,zagueiro,RF,46,"{""max_depth"": 5, ""max_features"": 0.8, ""min_samples_leaf"": 20, ""n_estimators"": 1450}",5,3.353432996508689,2.732400749266559,0.006117535882005809,0.10211695268476687
3,zagueiro,RF,52,"{""max_depth"": 5, ""max_features"": 1.0, ""min_samples_leaf"": 50, ""n_estimators"": 550}",5,3.353624650761526,2.7312332261267342,0.006086605255543831,0.1017604845563379
3,zagueiro,RF,37,"{""max_depth"": null, ""max_features"": 0.5, ""min_samples_leaf"": 50, ""n_estimators"": 350}",5,3.355897497282874,2.731050423549788,0.0047080565134034694,0.0975220307665579
3,zagueiro,RF,13,"{""max_depth"": null, ""max_features"": 0.5, ""min_samples_leaf"": 50, ""n_estimators"": 550}",5,3.3560840124852165,2.7312285298198136,0.004581059631419593,0.09685442235130153
3,zagueiro,RF,43,"{""max_depth"": 8, ""max_features"": 0.8, ""min_samples_leaf"": 50, ""n_estimators"": 1750}",5,3.3562810340526,2.731853768260078,0.004498727422877646,0.09769090958455354
3,zagueiro,RF,58,"{""max_depth"": 5, ""max_features"": 1.0, ""min_samples_leaf"": 2, ""n_estimators"": 1400}",5,3.3567069397710947,2.734113516672921,0.004219732223364114,0.09857354671101529
3,zagueiro,RF,15,"{""max_depth"": 8, ""max_features"": 1.0, ""min_samples_leaf"": 50, ""n_estimators"": 1150}",5,3.356814669719155,2.7319712390387982,0.004175701093868866,0.09691712716181158
3,zagueiro,RF,3,"{""max_depth"": 12, ""max_features"": 0.3, ""min_samples_leaf"": 30, ""n_estimators"": 1550}",5,3.358013329733301,2.73396585145105,0.003430913119264689,0.09364030177438622
3,zagueiro,RF,17,"{""max_depth"": 8, ""max_features"": 0.8, ""min_samples_leaf"": 30, ""n_estimators"": 1050}",5,3.3604133499388964,2.7354764884905975,0.0020077291417048837,0.09211259990131039
3,zagueiro,RF,49,"{""max_depth"": null, ""max_features"": ""sqrt"", ""min_samples_leaf"": 10, ""n_estimators"": 1000}",5,3.361899268584542,2.7396170729752276,0.001089287780445991,0.08726652771044177
3,zagueiro,RF,27,"{""max_depth"": 8, ""max_features"": 0.8, ""min_samples_leaf"": 10, ""n_estimators"": 1700}",5,3.3621264367942403,2.7392926643994384,0.0009773588680904721,0.0925126853767009
3,zagueiro,RF,51,"{""max_depth"": 8, ""max_features"": 0.5, ""min_samples_leaf"": 5, ""n_estimators"": 1500}",5,3.3634384868526594,2.741850578564518,0.00020583561751137404,0.0913436674128291
3,zagueiro,RF,53,"{""max_depth"": 8, ""max_features"": 1.0, ""min_samples_leaf"": 20, ""n_estimators"": 500}",5,3.36377112862701,2.739529540564765,-3.40454763696485e-05,0.08829053703809506
3,zagueiro,RF,9,"{""max_depth"": 12, ""max_features"": 0.5, ""min_samples_leaf"": 20, ""n_estimators"": 700}",5,3.3649446225277893,2.7403161307469928,-0.0007129590503425654,0.08713179631958382
3,zagueiro,RF,41,"{""max_depth"": 12, ""max_features"": 1.0, ""min_samples_leaf"": 30, ""n_estimators"": 750}",5,3.366784628626219,2.740620691574552,-0.001795981268535174,0.08455535406438741
3,zagueiro,RF,31,"{""max_depth"": null, ""max_features"": 0.5, ""min_samples_leaf"": 20, ""n_estimators"": 1100}",5,3.3688641658673335,2.7426120167840193,-0.0030877144980562487,0.0822584342295496
3,zagueiro,RF,21,"{""max_depth"": 12, ""max_features"": 0.3, ""min_samples_leaf"": 10, ""n_estimators"": 400}",5,3.370187009450175,2.7464784294176194,-0.003921937411926879,0.07959749594181742
3,zagueiro,RF,35,"{""max_depth"": null, ""max_features"": 0.8, ""min_samples_leaf"": 20, ""n_estimators"": 1600}",5,3.3703730335233124,2.7444759215320054,-0.004017342447452998,0.08279350292160288
3,zagueiro,RF,5,"{""max_depth"": 8, ""max_features"": 1.0, ""min_samples_leaf"": 2, ""n_estimators"": 350}",5,3.3741216797102886,2.748048158361748,-0.006141347419155063,0.08063005998102242
3,zagueiro,RF,63,"{""max_depth"": 12, ""max_features"": 1.0, ""min_samples_leaf"": 10, ""n_estimators"": 1100}",5,3.37414642718281,2.74830243789285,-0.006212357207544894,0.08136814338622642
3,zagueiro,RF,11,"{""max_depth"": 12, ""max_features"": 0.3, ""min_samples_leaf"": 2, ""n_estimators"": 1750}",5,3.3771931140711637,2.75212272719273,-0.008000206735998262,0.0779918582301819
3,zagueiro,RF,33,"{""max_depth"": 12, ""max_features"": 0.5, ""min_samples_leaf"": 2, ""n_estimators"": 850}",5,3.3806124939838584,2.755431098189603,-0.010025855436179088,0.07820245843078286
3,zagueiro,RF,7,"{""max_depth"": null, ""max_features"": 0.8, ""min_samples_leaf"": 10, ""n_estimators"": 1400}",5,3.381747777300725,2.7558682944826596,-0.01083696879810354,0.07543456213002972
3,zagueiro,RF,61,"{""max_depth"": null, ""max_features"": 0.8, ""min_samples_leaf"": 5, ""n_estimators"": 600}",5,3.4001904702996613,2.772785840087627,-0.02199423238650957,0.06525969630514673
3,zagueiro,RF,47,"{""max_depth"": null, ""max_features"": 0.3, ""min_samples_leaf"": 2, ""n_estimators"": 1250}",5,3.402100249043883,2.7765466301456856,-0.023089272328538656,0.06420478457867855
3,zagueiro,RF,25,"{""max_depth"": null, ""max_features"": 1.0, ""min_samples_leaf"": 2, ""n_estimators"": 800}",5,3.421465504046575,2.7917176457407744,-0.03490992932625279,0.05521328039746722
3,zagueiro,XGB,61,"{""colsample_bytree"": 0.7374551789835095, ""learning_rate"": 0.008400449652882712, ""max_depth"": 2, ""n_estimators"": 250, ""reg_alpha"": 0.0001568007746195425, ""reg_lambda"": 1.2109870044864097, ""subsample"": 0.7307628551498055}",5,3.3460695418554627,2.730252370255184,0.010475299949589045,0.1145754743906335
3,zagueiro,XGB,35,"{""colsample_bytree"": 0.5081904069520533, ""learning_rate"": 0.0014889294596340775, ""max_depth"": 2, ""n_estimators"": 1550, ""reg_alpha"": 0.004037281769150291, ""reg_lambda"": 0.025470630483935896, ""subsample"": 0.6068074083887041}",5,3.346530150060297,2.728516458361766,0.010253064221801677,0.11127130523562245
3,zagueiro,XGB,49,"{""colsample_bytree"": 0.8986299997195601, ""learning_rate"": 0.002041720258446412, ""max_depth"": 3, ""n_estimators"": 600, ""reg_alpha"": 0.01992193781312205, ""reg_lambda"": 2.8719474920345007, ""subsample"": 0.9231212893500924}",5,3.348390069712714,2.7312373318712315,0.009073972965376199,0.11212610951180033
3,zagueiro,XGB,21,"{""colsample_bytree"": 0.7623283811844885, ""learning_rate"": 0.0025057115394290256, ""max_depth"": 2, ""n_estimators"": 500, ""reg_alpha"": 0.5403086083780577, ""reg_lambda"": 0.0032301550182275303, ""subsample"": 0.7510215635411441}",5,3.348458321715986,2.7321474103698917,0.009057469296967647,0.11253230445837385
3,zagueiro,XGB,5,"{""colsample_bytree"": 0.8798112468793988, ""learning_rate"": 0.0032512984489769512, ""max_depth"": 4, ""n_estimators"": 400, ""reg_alpha"": 0.002497742980329767, ""reg_lambda"": 0.3831243470438582, ""subsample"": 0.5485846274532378}",5,3.3497944683848155,2.733348451875179,0.008286392832161838,0.10466837835572665
3,zagueiro,XGB,7,"{""colsample_bytree"": 0.6531320987269282, ""learning_rate"": 0.0010481619572072865, ""max_depth"": 3, ""n_estimators"": 950, ""reg_alpha"": 0.1327063227683239, ""reg_lambda"": 21.030813240718224, ""subsample"": 0.7158950148150325}",5,3.3511528006993387,2.731606610157718,0.007442883372242725,0.11213321383071935
3,zagueiro,XGB,9,"{""colsample_bytree"": 0.7343453234061599, ""learning_rate"": 0.001343436495512724, ""max_depth"": 5, ""n_estimators"": 750, ""reg_alpha"": 0.0006084851655633791, ""reg_lambda"": 0.5926427719675725, ""subsample"": 0.8562451475299895}",5,3.351442599998715,2.7348004984998204,0.0072625056998388395,0.10083213717038772
3,zagueiro,XGB,11,"{""colsample_bytree"": 0.9920489201322198, ""learning_rate"": 0.004490724301900747, ""max_depth"": 2, ""n_estimators"": 1250, ""reg_alpha"": 9.628490946412484, ""reg_lambda"": 26.337947323259108, ""subsample"": 0.8750924048945308}",5,3.351912534341402,2.7296251484049034,0.007070910833249888,0.10588583127991524
3,zagueiro,XGB,47,"{""colsample_bytree"": 0.847130146343261, ""learning_rate"": 0.0036360600107161654, ""max_depth"": 2, ""n_estimators"": 1200, ""reg_alpha"": 0.000812743410640046, ""reg_lambda"": 0.03981914554537361, ""subsample"": 0.7972003198228776}",5,3.3538792160233593,2.735269917658823,0.005960561989145652,0.0994507365078013
3,zagueiro,XGB,54,"{""colsample_bytree"": 0.6949512772262096, ""learning_rate"": 0.0011780835331739355, ""max_depth"": 5, ""n_estimators"": 1250, ""reg_alpha"": 1.476405538392317, ""reg_lambda"": 0.1370533492761394, ""subsample"": 0.7786347051151097}",5,3.3540642345314686,2.73702866369358,0.005776911974031629,0.09588748901865286
3,zagueiro,XGB,4,"{""colsample_bytree"": 0.9407866224646568, ""learning_rate"": 0.002213702058861375, ""max_depth"": 6, ""n_estimators"": 250, ""reg_alpha"": 0.0010204471682872405, ""reg_lambda"": 0.004447703278271244, ""subsample"": 0.6103793778456748}",5,3.3561964018891466,2.7392048980155908,0.004457310559941719,0.08619404443923571
3,zagueiro,XGB,60,"{""colsample_bytree"": 0.6763605996966362, ""learning_rate"": 0.0016520589744992386, ""max_depth"": 7, ""n_estimators"": 400, ""reg_alpha"": 0.03410733210713404, ""reg_lambda"": 0.0014075405725347294, ""subsample"": 0.6684969747439027}",5,3.3563947886258005,2.7405069889469855,0.004315718048169504,0.08325155651671029
3,zagueiro,XGB,27,"{""colsample_bytree"": 0.8746695355512202, ""learning_rate"": 0.0018398171995602861, ""max_depth"": 4, ""n_estimators"": 1400, ""reg_alpha"": 0.00014290338823853393, ""reg_lambda"": 0.08051163426115664, ""subsample"": 0.672683147713542}",5,3.3566220717441517,2.7365374961367914,0.004335434975095631,0.09803894560466046
3,zagueiro,XGB,32,"{""colsample_bytree"": 0.5314727774821222, ""learning_rate"": 0.0013176494637767546, ""max_depth"": 8, ""n_estimators"": 700, ""reg_alpha"": 0.21616988694426761, ""reg_lambda"": 1.7005066806546008, ""subsample"": 0.5281029711477458}",5,3.3567596485628473,2.737658945017278,0.0040858634692483966,0.08572935616418183
3,zagueiro,XGB,45,"{""colsample_bytree"": 0.6204433687962592, ""learning_rate"": 0.001090790035319715, ""max_depth"": 4, ""n_estimators"": 300, ""reg_alpha"": 18.706628843514043, ""reg_lambda"": 0.00790461735887091, ""subsample"": 0.9653586409986019}",5,3.3590616447509967,2.7404013617511294,0.0026180752450686963,0.09991546083184191
3,zagueiro,XGB,25,"{""colsample_bytree"": 0.6011153836734593, ""learning_rate"": 0.005929528583067072, ""max_depth"": 3, ""n_estimators"": 850, ""reg_alpha"": 2.2446897840093656, ""reg_lambda"": 0.0010023940428399874, ""subsample"": 0.5898452992551029}",5,3.361836580729496,2.7397454518828135,0.0012754595303807515,0.09481782951419475
3,zagueiro,XGB,13,"{""colsample_bytree"": 0.5519214449450374, ""learning_rate"": 0.01285055226681729, ""max_depth"": 3, ""n_estimators"": 350, ""reg_alpha"": 0.0003430101828087219, ""reg_lambda"": 4.282157839548478, ""subsample"": 0.6602999758906662}",5,3.3622710179058815,2.7398036040556297,0.0009728863887917605,0.09188697987172334
3,zagueiro,XGB,63,"{""colsample_bytree"": 0.979510891251266, ""learning_rate"": 0.0026110093348935635, ""max_depth"": 4, ""n_estimators"": 1100, ""reg_alpha"": 3.625531059333283, ""reg_lambda"": 3.3753537857177265, ""subsample"": 0.5006052111275494}",5,3.3628153630352022,2.7383572794980973,0.0006592956457246668,0.08961355984947134
3,zagueiro,XGB,33,"{""colsample_bytree"": 0.7658711154945195, ""learning_rate"": 0.004631640475716694, ""max_depth"": 4, ""n_estimators"": 700, ""reg_alpha"": 0.14550446952706136, ""reg_lambda"": 0.00624533915595389, ""subsample"": 0.6265157125890255}",5,3.366445142834782,2.7417644659348803,-0.001443198642659893,0.08557154712661916
3,zagueiro,XGB,20,"{""colsample_bytree"": 0.8234229604713619, ""learning_rate"": 0.005495244607579209, ""max_depth"": 7, ""n_estimators"": 300, ""reg_alpha"": 1.3467411425523819, ""reg_lambda"": 2.039814741993465, ""subsample"": 0.8142573009245098}",5,3.366904612430197,2.743902494264693,-0.0018506925170463707,0.08134786474641742
3,zagueiro,XGB,18,"{""colsample_bytree"": 0.5811041458509862, ""learning_rate"": 0.0017040940593697487, ""max_depth"": 7, ""n_estimators"": 1250, ""reg_alpha"": 0.00023752055550926352, ""reg_lambda"": 7.644585859264176, ""subsample"": 0.9190638717263937}",5,3.3685052298705545,2.744862240422995,-0.002796376354796215,0.07993783197854203
3,zagueiro,XGB,40,"{""colsample_bytree"": 0.8358770660124719, ""learning_rate"": 0.002766468636951521, ""max_depth"": 6, ""n_estimators"": 800, ""reg_alpha"": 7.686195398162609, ""reg_lambda"": 0.27283408982660134, ""subsample"": 0.6887596286833286}",5,3.3700538013043007,2.746381547843098,-0.0036841602454862564,0.08173871129408647
3,zagueiro,XGB,42,"{""colsample_bytree"": 0.7859143181703985, ""learning_rate"": 0.002143920320921273, ""max_depth"": 8, ""n_estimators"": 1000, ""reg_alpha"": 0.0068914604090100215, ""reg_lambda"": 37.08234018435227, ""subsample"": 0.8599325171671808}",5,3.371325887936765,2.742180902980072,-0.004476416732980493,0.07490992398372204
3,zagueiro,XGB,44,"{""colsample_bytree"": 0.5594679932110012, ""learning_rate"": 0.006665560018000852, ""max_depth"": 5, ""n_estimators"": 550, ""reg_alpha"": 0.08548062648554937, ""reg_lambda"": 0.8344129196802617, ""subsample"": 0.9025939740240574}",5,3.377086230629242,2.7503924787910528,-0.007776929395955978,0.07801252797497747
3,zagueiro,XGB,51,"{""colsample_bytree"": 0.625068218447268, ""learning_rate"": 0.006123118498998678, ""max_depth"": 3, ""n_estimators"": 1500, ""reg_alpha"": 0.7211395848937334, ""reg_lambda"": 10.763200496285176, ""subsample"": 0.8413888667710125}",5,3.3813729543994073,2.750969176430788,-0.010353495549627677,0.0855377519422625
3,zagueiro,XGB,41,"{""colsample_bytree"": 0.6577429310418665, ""learning_rate"": 0.015763846491624395, ""max_depth"": 2, ""n_estimators"": 750, ""reg_alpha"": 1.0698996916657113, ""reg_lambda"": 0.06348313321944471, ""subsample"": 0.5199311319738626}",5,3.383708776744232,2.7526978831119875,-0.011670545198963423,0.07880603508995061
3,zagueiro,XGB,28,"{""colsample_bytree"": 0.7450284226797521, ""learning_rate"": 0.014025125492043775, ""max_depth"": 6, ""n_estimators"": 450, ""reg_alpha"": 0.1793833183312084, ""reg_lambda"": 44.60854559316446, ""subsample"": 0.957188309635967}",5,3.403191266827016,2.765543264969412,-0.023420020174052203,0.06142752734195256
3,zagueiro,XGB,58,"{""colsample_bytree"": 0.9186565261334181, ""learning_rate"": 0.004957440910297297, ""max_depth"": 6, ""n_estimators"": 1000, ""reg_alpha"": 0.41988357076504595, ""reg_lambda"": 0.11305201399703872, ""subsample"": 0.5628424664027989}",5,3.4141971110900093,2.774625723972797,-0.029954149767827332,0.05927428152559609
3,zagueiro,XGB,30,"{""colsample_bytree"": 0.8047864767722785, ""learning_rate"": 0.003942963502548866, ""max_depth"": 6, ""n_estimators"": 1500, ""reg_alpha"": 0.025539210560561278, ""reg_lambda"": 4.739810499307139, ""subsample"": 0.7344540413469076}",5,3.419893487734676,2.7763326099151895,-0.03344377996167549,0.056832621887378455
3,zagueiro,XGB,36,"{""colsample_bytree"": 0.8878286643885076, ""learning_rate"": 0.019469096724278347, ""max_depth"": 8, ""n_estimators"": 250, ""reg_alpha"": 2.9329328360091673, ""reg_lambda"": 8.633929564496423, ""subsample"": 0.7594151217490435}",5,3.430404237515134,2.784906000200994,-0.03993799191935556,0.045465649195478006
3,zagueiro,XGB,1,"{""colsample_bytree"": 0.8420405397191644, ""learning_rate"": 0.052401111326278366, ""max_depth"": 2, ""n_estimators"": 650, ""reg_alpha"": 0.0441007577115268, ""reg_lambda"": 12.15616707960732, ""subsample"": 0.9933395576663315}",5,3.4370177787289826,2.7812239035863557,-0.0436876143848637,0.06370839552269758
3,zagueiro,XGB,16,"{""colsample_bytree"": 0.6643393728882074, ""learning_rate"": 0.009613210406115657, ""max_depth"": 6, ""n_estimators"": 550, ""reg_alpha"": 0.006281505062889137, ""reg_lambda"": 0.011128819174605627, ""subsample"": 0.7930179634131491}",5,3.441327579013817,2.777605547198644,-0.04625738979919651,0.06182242047697872
3,zagueiro,XGB,56,"{""colsample_bytree"": 0.9682726059108973, ""learning_rate"": 0.003788240270303302, ""max_depth"": 8, ""n_estimators"": 800, ""reg_alpha"": 0.00038382998333558036, ""reg_lambda"": 0.0022943142751041196, ""subsample"": 0.9858468258753419}",5,3.4449554236629902,2.7912379913657928,-0.04844889323435977,0.06163248151262267
3,zagueiro,XGB,14,"{""colsample_bytree"": 0.9222831837832928, ""learning_rate"": 0.0030973627237326166, ""max_depth"": 8, ""n_estimators"": 1500, ""reg_alpha"": 0.05293598013799995, ""reg_lambda"": 0.05606127291979353, ""subsample"": 0.9383519990369678}",5,3.473515958664919,2.806233783464721,-0.06588314492553975,0.045108334792225625
3,zagueiro,XGB,2,"{""colsample_bytree"": 0.7143479268997908, ""learning_rate"": 0.007395679895504517, ""max_depth"": 8, ""n_estimators"": 1100, ""reg_alpha"": 5.759597024686567, ""reg_lambda"": 0.018139186678553524, ""subsample"": 0.6541326744481921}",5,3.474107970775209,2.821134518216542,-0.06665899838584873,0.03625492819067595
3,zagueiro,XGB,53,"{""colsample_bytree"": 0.8153101680800319, ""learning_rate"": 0.02849473028555064, ""max_depth"": 5, ""n_estimators"": 500, ""reg_alpha"": 0.005280767254648216, ""reg_lambda"": 23.997015200433662, ""subsample"": 0.6188073074445128}",5,3.4841751403606858,2.8218032306922303,-0.07241110798382411,0.031226806621160796
3,zagueiro,XGB,64,"{""colsample_bytree"": 0.6076851300895214, ""learning_rate"": 0.011227804513833603, ""max_depth"": 5, ""n_estimators"": 700, ""reg_alpha"": 0.002871073107828411, ""reg_lambda"": 0.04658745025094497, ""subsample"": 0.848038955591619}",5,3.486537568282433,2.808961177905757,-0.07432587850555725,0.05310049518491826
3,zagueiro,XGB,38,"{""colsample_bytree"": 0.5779561433009803, ""learning_rate"": 0.009227227478763743, ""max_depth"": 7, ""n_estimators"": 1400, ""reg_alpha"": 0.001983582302515068, ""reg_lambda"": 14.976717799289693, ""subsample"": 0.5445310226641595}",5,3.487644608934631,2.8242673849150215,-0.07491097416760124,0.025597943778318637
3,zagueiro,XGB,59,"{""colsample_bytree"": 0.798668778501451, ""learning_rate"": 0.020816692210975932, ""max_depth"": 3, ""n_estimators"": 1350, ""reg_alpha"": 4.343069730423279, ""reg_lambda"": 0.49772459663947555, ""subsample"": 0.9457418532110751}",5,3.4939258880320407,2.8244682318960894,-0.078482039883363,0.04264558543272945
3,zagueiro,XGB,23,"{""colsample_bytree"": 0.5202497807331383, ""learning_rate"": 0.0075022974260527345, ""max_depth"": 5, ""n_estimators"": 1000, ""reg_alpha"": 0.01024644746852143, ""reg_lambda"": 0.19295607109604784, ""subsample"": 0.9822710435837507}",5,3.5020270462792324,2.820359938336094,-0.08474873512732337,0.050468168877080034
3,zagueiro,XGB,37,"{""colsample_bytree"": 0.9478239086456597, ""learning_rate"": 0.03696796581742612, ""max_depth"": 3, ""n_estimators"": 450, ""reg_alpha"": 0.26060582779238295, ""reg_lambda"": 0.17090188783792123, ""subsample"": 0.8216686192899942}",5,3.510514981097856,2.8151774052147065,-0.0888586332452594,0.03710681999184162
3,zagueiro,XGB,17,"{""colsample_bytree"": 0.959278388414532, ""learning_rate"": 0.023096009833932004, ""max_depth"": 3, ""n_estimators"": 650, ""reg_alpha"": 0.06680326520081972, ""reg_lambda"": 0.02231492610622683, ""subsample"": 0.6971659897826612}",5,3.520523516464892,2.824504756653825,-0.09536498709487588,0.03686861388640767
3,zagueiro,XGB,50,"{""colsample_bytree"": 0.528761200606823, ""learning_rate"": 0.014463668457163206, ""max_depth"": 7, ""n_estimators"": 1200, ""reg_alpha"": 12.0126181962634, ""reg_lambda"": 0.005128933757525393, ""subsample"": 0.7087259427644312}",5,3.5332701663854515,2.857163654178155,-0.10327668940805168,0.014797387303559228
3,zagueiro,XGB,22,"{""colsample_bytree"": 0.634636556264013, ""learning_rate"": 0.010040733607247688, ""max_depth"": 8, ""n_estimators"": 1300, ""reg_alpha"": 0.0009014128052613807, ""reg_lambda"": 0.23651773248921085, ""subsample"": 0.5995530784130096}",5,3.5465755086971584,2.858974002424951,-0.1111864585040323,0.01594073615847235
3,zagueiro,XGB,3,"{""colsample_bytree"": 0.568467921577394, ""learning_rate"": 0.017472093072865933, ""max_depth"": 4, ""n_estimators"": 1600, ""reg_alpha"": 0.34571092703989953, ""reg_lambda"": 2.5707189730362927, ""subsample"": 0.771475781686604}",5,3.546844125220858,2.8589244532774165,-0.11115147845283753,0.01956850900714889
3,zagueiro,XGB,39,"{""colsample_bytree"": 0.7057563909329474, ""learning_rate"": 0.012347566093322326, ""max_depth"": 4, ""n_estimators"": 900, ""reg_alpha"": 0.022552822868291172, ""reg_lambda"": 0.003609847874428303, ""subsample"": 0.91180708585307}",5,3.5485974253985653,2.851279559743051,-0.11509317884518255,0.04842435730771514
3,zagueiro,XGB,24,"{""colsample_bytree"": 0.892569515388459, ""learning_rate"": 0.03348820820102673, ""max_depth"": 5, ""n_estimators"": 750, ""reg_alpha"": 15.937853779380706, ""reg_lambda"": 17.08906170519083, ""subsample"": 0.6339206709526479}",5,3.5519059055462323,2.8675276750862153,-0.11481329207790462,0.016005456691214705
3,zagueiro,XGB,29,"{""colsample_bytree"": 0.6849063602276146, ""learning_rate"": 0.09895231820360668, ""max_depth"": 5, ""n_estimators"": 200, ""reg_alpha"": 8.486350903976925, ""reg_lambda"": 0.03309009814489493, ""subsample"": 0.8954403041861951}",5,3.563661161981577,2.8799352836488312,-0.12229857685437703,0.025075365405584842
3,zagueiro,XGB,10,"{""colsample_bytree"": 0.8542246446013451, ""learning_rate"": 0.01885426178034407, ""max_depth"": 5, ""n_estimators"": 1050, ""reg_alpha"": 0.9310894278999958, ""reg_lambda"": 0.00180465362119513, ""subsample"": 0.5080011310055852}",5,3.5682476725991163,2.8837456477686785,-0.1249799840220411,0.011961619765482805
3,zagueiro,XGB,31,"{""colsample_bytree"": 0.9116039820946753, ""learning_rate"": 0.029685712756611225, ""max_depth"": 2, ""n_estimators"": 1150, ""reg_alpha"": 0.001687556076331206, ""reg_lambda"": 0.00940894863633519, ""subsample"": 0.8674238249659538}",5,3.5896181279787798,2.8707749883488685,-0.14018582515545921,0.030163464142921037
3,zagueiro,XGB,15,"{""colsample_bytree"": 0.7939813332632184, ""learning_rate"": 0.04134614638652368, ""max_depth"": 3, ""n_estimators"": 1200, ""reg_alpha"": 1.717391477022521, ""reg_lambda"": 0.9448208774913581, ""subsample"": 0.5712512033060193}",5,3.605084734299539,2.8933442435847176,-0.14797192138230186,0.023158083337153253
3,zagueiro,XGB,62,"{""colsample_bytree"": 0.8656257186084986, ""learning_rate"": 0.0348490031673198, ""max_depth"": 8, ""n_estimators"": 1600, ""reg_alpha"": 0.11172547145130801, ""reg_lambda"": 0.013246779920703116, ""subsample"": 0.8835141197778285}",5,3.614802269139974,2.9044385599825793,-0.15461611693998112,0.023162851227189175
3,zagueiro,XGB,26,"{""colsample_bytree"": 0.9714782158844173, ""learning_rate"": 0.04360293748713706, ""max_depth"": 7, ""n_estimators"": 950, ""reg_alpha"": 0.003169131557164582, ""reg_lambda"": 0.7007719376827588, ""subsample"": 0.8056433498859406}",5,3.637430391689848,2.9155606334147963,-0.1694776274541141,0.010038702137699456
3,zagueiro,XGB,8,"{""colsample_bytree"": 0.774960707873106, ""learning_rate"": 0.024452475688516433, ""max_depth"": 7, ""n_estimators"": 850, ""reg_alpha"": 0.0001815894891979192, ""reg_lambda"": 0.12138868227886604, ""subsample"": 0.9315543291158974}",5,3.637508253883554,2.9159534961432456,-0.1695839065851366,0.016743277298892995
3,zagueiro,XGB,46,"{""colsample_bytree"": 0.998124664183706, ""learning_rate"": 0.02737895079301408, ""max_depth"": 6, ""n_estimators"": 1450, ""reg_alpha"": 0.012298214373827988, ""reg_lambda"": 1.326749859079806, ""subsample"": 0.6801607045345008}",5,3.6393013783992565,2.9260118765502803,-0.17067027754851766,0.00422442681626698
3,zagueiro,XGB,52,"{""colsample_bytree"": 0.7551881056278944, ""learning_rate"": 0.0483232940866918, ""max_depth"": 7, ""n_estimators"": 350, ""reg_alpha"": 0.00046086631260659343, ""reg_lambda"": 0.015891781906402485, ""subsample"": 0.5560912927612662}",5,3.644523580652828,2.9194397476122473,-0.17305166388741006,0.020185191842947526
3,zagueiro,XGB,12,"{""colsample_bytree"": 0.6119166892021894, ""learning_rate"": 0.05657870886178703, ""max_depth"": 8, ""n_estimators"": 500, ""reg_alpha"": 0.0163288343167791, ""reg_lambda"": 0.08914130472717753, ""subsample"": 0.723521423060447}",5,3.6561924514051185,2.9276811637382756,-0.18147919734085322,0.0063284904197131895
3,zagueiro,XGB,57,"{""colsample_bytree"": 0.5409762570634484, ""learning_rate"": 0.06958609604138169, ""max_depth"": 4, ""n_estimators"": 900, ""reg_alpha"": 0.001271168774577201, ""reg_lambda"": 31.683427938302188, ""subsample"": 0.7857788121327758}",5,3.6567097357367317,2.929255832032617,-0.181329886999211,0.004324833337813105
3,zagueiro,XGB,6,"{""colsample_bytree"": 0.5016359183937311, ""learning_rate"": 0.07863135626293781, ""max_depth"": 6, ""n_estimators"": 1350, ""reg_alpha"": 3.234983879907792, ""reg_lambda"": 0.0025639966494586984, ""subsample"": 0.8332323851063848}",5,3.659635400722736,2.945532627151114,-0.18424607596436188,0.016315872482802248
3,zagueiro,XGB,48,"{""colsample_bytree"": 0.7248227628879249, ""learning_rate"": 0.08192723171766085, ""max_depth"": 7, ""n_estimators"": 600, ""reg_alpha"": 0.4763965963119043, ""reg_lambda"": 6.013176320686056, ""subsample"": 0.582701476290822}",5,3.6794772518861385,2.95738387850339,-0.19711028248092025,0.020987553356302483
3,zagueiro,XGB,34,"{""colsample_bytree"": 0.6455130795948207, ""learning_rate"": 0.06278094966476376, ""max_depth"": 6, ""n_estimators"": 1150, ""reg_alpha"": 0.00011301598909911128, ""reg_lambda"": 1.825867517681074, ""subsample"": 0.9740891489200294}",5,3.710002132243237,2.964214948758779,-0.2168044434897615,0.004656492888223484
3,zagueiro,XGB,55,"{""colsample_bytree"": 0.588635434396565, ""learning_rate"": 0.0883902768859083, ""max_depth"": 2, ""n_estimators"": 1050, ""reg_alpha"": 0.060573938698703256, ""reg_lambda"": 0.3321280336991138, ""subsample"": 0.645977518055588}",5,3.7387331872516105,2.97492222974575,-0.237003126098449,0.01496522072083073
3,zagueiro,XGB,43,"{""colsample_bytree"": 0.9312926610000432, ""learning_rate"": 0.050802920503119554, ""max_depth"": 5, ""n_estimators"": 1350, ""reg_alpha"": 0.00031079511009794237, ""reg_lambda"": 0.0012852024975186147, ""subsample"": 0.7429024833254516}",5,3.7744662540215046,2.9984114274281346,-0.25854950963855955,-0.0007394942939882666
3,zagueiro,XGB,19,"{""colsample_bytree"": 0.7015934963710606, ""learning_rate"": 0.07184330208075035, ""max_depth"": 3, ""n_estimators"": 1450, ""reg_alpha"": 0.008482996371322014, ""reg_lambda"": 0.00720190126078291, ""subsample"": 0.5363402292132378}",5,3.872030212852677,3.06518878531414,-0.32438369840776954,0.004122700924317333
4,meia,RF,23,"{""max_depth"": 8, ""max_features"": ""sqrt"", ""min_samples_leaf"": 5, ""n_estimators"": 1300}",5,3.2021302373500333,2.2672023080009573,0.06370814238279336,0.26529137117933194
4,meia,RF,45,"{""max_depth"": 8, ""max_features"": ""sqrt"", ""min_samples_leaf"": 20, ""n_estimators"": 500}",5,3.2030776843406885,2.2640773135560623,0.06318203472431269,0.26547539695273
4,meia,RF,59,"{""max_depth"": null, ""max_features"": ""sqrt"", ""min_samples_leaf"": 30, ""n_estimators"": 1600}",5,3.2036006432959225,2.2641891288949916,0.06288622960343071,0.26505733446312735
4,meia,RF,54,"{""max_depth"": 5, ""max_features"": 0.3, ""min_samples_leaf"": 10, ""n_estimators"": 1800}",5,3.204040198633379,2.26621189850229,0.06254977049809937,0.2638447243295641
4,meia,RF,16,"{""max_depth"": 5, ""max_features"": 0.3, ""min_samples_leaf"": 5, ""n_estimators"": 950}",5,3.2041337961904417,2.2686671145590456,0.06250420297899617,0.26351083627118055
4,meia,RF,39,"{""max_depth"": 8, ""max_features"": ""sqrt"", ""min_samples_leaf"": 50, ""n_estimators"": 1350}",5,3.2044945596395067,2.265223587287683,0.06236232193327547,0.2646755089991338
4,meia,RF,1,"{""max_depth"": 12, ""max_features"": ""sqrt"", ""min_samples_leaf"": 50, ""n_estimators"": 950}",5,3.204724617990409,2.2648180540207004,0.0622293486223436,0.26438828683670934
4,meia,RF,29,"{""max_depth"": 12, ""max_features"": 0.3, ""min_samples_leaf"": 75, ""n_estimators"": 650}",5,3.2049624729769746,2.2666948677901195,0.06211147394132135,0.2636987008361611
4,meia,RF,44,"{""max_depth"": 5, ""max_features"": 0.3, ""min_samples_leaf"": 5, ""n_estimators"": 400}",5,3.204981656034806,2.27093923716421,0.06200619779614851,0.262545648664452
4,meia,RF,18,"{""max_depth"": 5, ""max_features"": ""sqrt"", ""min_samples_leaf"": 20, ""n_estimators"": 1200}",5,3.205284766823648,2.266914714528972,0.06185241492395632,0.2645266068752562
4,meia,RF,57,"{""max_depth"": 8, ""max_features"": 0.3, ""min_samples_leaf"": 75, ""n_estimators"": 850}",5,3.205632341743692,2.2667096285207196,0.06171735316431772,0.26315848369118056
4,meia,RF,28,"{""max_depth"": 5, ""max_features"": ""sqrt"", ""min_samples_leaf"": 30, ""n_estimators"": 400}",5,3.2057095920751406,2.2664118950932055,0.061598720917640695,0.26410590417187046
4,meia,RF,49,"{""max_depth"": null, ""max_features"": ""sqrt"", ""min_samples_leaf"": 10, ""n_estimators"": 1000}",5,3.2062907835142256,2.2719429790622607,0.06127880473442755,0.25997853665579346
4,meia,RF,55,"{""max_depth"": 12, ""max_features"": 0.5, ""min_samples_leaf"": 75, ""n_estimators"": 1250}",5,3.206597982420887,2.267749044349591,0.061150658786680426,0.261984001466472
4,meia,RF,3,"{""max_depth"": 12, ""max_features"": 0.3, ""min_samples_leaf"": 30, ""n_estimators"": 1550}",5,3.2070180212756063,2.268309736533968,0.06086980113742524,0.2610677885029032
4,meia,RF,24,"{""max_depth"": 5, ""max_features"": 0.5, ""min_samples_leaf"": 50, ""n_estimators"": 750}",5,3.2072146615270256,2.2669186277369584,0.06074557508365197,0.2614397662707396
4,meia,RF,6,"{""max_depth"": 5, ""max_features"": 0.5, ""min_samples_leaf"": 75, ""n_estimators"": 1650}",5,3.2073869233502563,2.268044016292095,0.060672742586621364,0.26128249269608445
4,meia,RF,42,"{""max_depth"": 3, ""max_features"": 0.5, ""min_samples_leaf"": 5, ""n_estimators"": 1350}",5,3.2077346709233554,2.2740791031940963,0.06034739223545356,0.2598889366391483
4,meia,RF,2,"{""max_depth"": 3, ""max_features"": 0.5, ""min_samples_leaf"": 5, ""n_estimators"": 1150}",5,3.2078500821949647,2.2741095919280094,0.06028155645304598,0.2598152312378096
4,meia,RF,13,"{""max_depth"": null, ""max_features"": 0.5, ""min_samples_leaf"": 50, ""n_estimators"": 550}",5,3.207980901179056,2.268356493099952,0.06030529028542049,0.2605274409372672
4,meia,RF,64,"{""max_depth"": 3, ""max_features"": 0.5, ""min_samples_leaf"": 30, ""n_estimators"": 950}",5,3.208150077942387,2.2721019198688244,0.06011891708580648,0.25991402972402977
4,meia,RF,37,"{""max_depth"": null, ""max_features"": 0.5, ""min_samples_leaf"": 50, ""n_estimators"": 350}",5,3.2082058266449187,2.2684259321531153,0.06016232205917862,0.2606024400778434
4,meia,RF,40,"{""max_depth"": 5, ""max_features"": 0.8, ""min_samples_leaf"": 10, ""n_estimators"": 800}",5,3.2084987325036978,2.2684804543785435,0.05998739350184832,0.25967629081868615
4,meia,RF,46,"{""max_depth"": 5, ""max_features"": 0.8, ""min_samples_leaf"": 20, ""n_estimators"": 1450}",5,3.208575831410852,2.2672537437243547,0.05991757816075771,0.2597237573723011
4,meia,RF,22,"{""max_depth"": 3, ""max_features"": 0.8, ""min_samples_leaf"": 50, ""n_estimators"": 1700}",5,3.208963772117355,2.2715335654155644,0.05967274264084406,0.25906407235733425
4,meia,RF,19,"{""max_depth"": null, ""max_features"": 1.0, ""min_samples_leaf"": 75, ""n_estimators"": 1450}",5,3.2091305334164453,2.270398413859965,0.059702189891992205,0.25995817007284244
4,meia,RF,43,"{""max_depth"": 8, ""max_features"": 0.8, ""min_samples_leaf"": 50, ""n_estimators"": 1750}",5,3.209193403190633,2.2693949249089274,0.05962041655537449,0.2598606105149156
4,meia,RF,4,"{""max_depth"": 3, ""max_features"": 0.8, ""min_samples_leaf"": 5, ""n_estimators"": 600}",5,3.2094559618338296,2.274680337624013,0.05935685843634999,0.2575848314017603
4,meia,RF,30,"{""max_depth"": 3, ""max_features"": 0.8, ""min_samples_leaf"": 2, ""n_estimators"": 1600}",5,3.2095593221117062,2.2779302910521144,0.05929167496505801,0.257220862822399
4,meia,RF,10,"{""max_depth"": 3, ""max_features"": 1.0, ""min_samples_leaf"": 20, ""n_estimators"": 1250}",5,3.209898834260487,2.2715159627820745,0.059108626883158454,0.2576756876867856
4,meia,RF,52,"{""max_depth"": 5, ""max_features"": 1.0, ""min_samples_leaf"": 50, ""n_estimators"": 550}",5,3.209907751202941,2.269115610217666,0.05919881138463812,0.2590634098488339
4,meia,RF,51,"{""max_depth"": 8, ""max_features"": 0.5, ""min_samples_leaf"": 5, ""n_estimators"": 1500}",5,3.2104170023823206,2.2777713918917777,0.05889254344832449,0.25794444710464204
4,meia,RF,17,"{""max_depth"": 8, ""max_features"": 0.8, ""min_samples_leaf"": 30, ""n_estimators"": 1050}",5,3.2104809086252857,2.2704141198890833,0.058842184500190894,0.25837766705917914
4,meia,RF,12,"{""max_depth"": 3, ""max_features"": 0.8, ""min_samples_leaf"": 75, ""n_estimators"": 450}",5,3.21052351969447,2.2737657864655603,0.058782992671181214,0.2577180329969462
4,meia,RF,15,"{""max_depth"": 8, ""max_features"": 1.0, ""min_samples_leaf"": 50, ""n_estimators"": 1150}",5,3.210566462907476,2.2707645421705465,0.05883320301009494,0.25872650397825037
4,meia,RF,9,"{""max_depth"": 12, ""max_features"": 0.5, ""min_samples_leaf"": 20, ""n_estimators"": 700}",5,3.2118180963755103,2.27477459792914,0.05805960931518219,0.2564962418706969
4,meia,RF,27,"{""max_depth"": 8, ""max_features"": 0.8, ""min_samples_leaf"": 10, ""n_estimators"": 1700}",5,3.21184114937954,2.275148438590937,0.0580263419328219,0.2571886425109985
4,meia,RF,58,"{""max_depth"": 5, ""max_features"": 1.0, ""min_samples_leaf"": 2, ""n_estimators"": 1400}",5,3.2125138849755266,2.28273911064161,0.05767175376958753,0.2562707151839388
4,meia,RF,31,"{""max_depth"": null, ""max_features"": 0.5, ""min_samples_leaf"": 20, ""n_estimators"": 1100}",5,3.2125195449495836,2.274614653816761,0.057627641396057805,0.25589506499439674
4,meia,RF,53,"{""max_depth"": 8, ""max_features"": 1.0, ""min_samples_leaf"": 20, ""n_estimators"": 500}",5,3.2125981718573016,2.273572569292946,0.05759083399623053,0.25701815102147896
4,meia,RF,56,"{""max_depth"": 3, ""max_features"": ""sqrt"", ""min_samples_leaf"": 2, ""n_estimators"": 700}",5,3.2126002212591707,2.281995834611261,0.057542126271959274,0.25896870654993165
4,meia,RF,21,"{""max_depth"": 12, ""max_features"": 0.3, ""min_samples_leaf"": 10, ""n_estimators"": 400}",5,3.2134196522504346,2.2808909989921826,0.05710320510000921,0.2543909107054773
4,meia,RF,34,"{""max_depth"": 3, ""max_features"": ""sqrt"", ""min_samples_leaf"": 75, ""n_estimators"": 1050}",5,3.213580033160529,2.2774594346817487,0.056976351657416435,0.2586132910026174
4,meia,RF,41,"{""max_depth"": 12, ""max_features"": 1.0, ""min_samples_leaf"": 30, ""n_estimators"": 750}",5,3.2142424046038633,2.2753015588339,0.056657345313508564,0.2550149424330904
4,meia,RF,60,"{""max_depth"": 2, ""max_features"": 0.5, ""min_samples_leaf"": 20, ""n_estimators"": 300}",5,3.2145103157968458,2.283311795502255,0.05636168053754524,0.25325153494845837
4,meia,RF,50,"{""max_depth"": 2, ""max_features"": 0.8, ""min_samples_leaf"": 30, ""n_estimators"": 1200}",5,3.2147064896142736,2.283218821378091,0.05622792311496001,0.2519188030185259
4,meia,RF,35,"{""max_depth"": null, ""max_features"": 0.8, ""min_samples_leaf"": 20, ""n_estimators"": 1600}",5,3.2151351807500754,2.2786995692665997,0.056082743396430934,0.25387067289761683
4,meia,RF,26,"{""max_depth"": 2, ""max_features"": 0.3, ""min_samples_leaf"": 50, ""n_estimators"": 1350}",5,3.2153299184011885,2.2842840280554073,0.05591176582978148,0.2537038050917378
4,meia,RF,38,"{""max_depth"": 2, ""max_features"": 1.0, ""min_samples_leaf"": 5, ""n_estimators"": 1700}",5,3.21540250111764,2.283867937324644,0.05583221466625994,0.25073968159066473
4,meia,RF,36,"{""max_depth"": 2, ""max_features"": 0.3, ""min_samples_leaf"": 30, ""n_estimators"": 650}",5,3.2154722008601704,2.2844855575357887,0.05582136347045226,0.2536292871626217
4,meia,RF,32,"{""max_depth"": 2, ""max_features"": 1.0, ""min_samples_leaf"": 10, ""n_estimators"": 900}",5,3.215546462890012,2.283440763741441,0.055752718904270984,0.2506870514371225
4,meia,RF,20,"{""max_depth"": 2, ""max_features"": 0.3, ""min_samples_leaf"": 2, ""n_estimators"": 500}",5,3.2160877399072674,2.2874167683681725,0.05546417596237163,0.2528408612852463
4,meia,RF,48,"{""max_depth"": 2, ""max_features"": 1.0, ""min_samples_leaf"": 75, ""n_estimators"": 1050}",5,3.216748494106652,2.2841506813764156,0.05507714404526345,0.2499466446501962
4,meia,RF,63,"{""max_depth"": 12, ""max_features"": 1.0, ""min_samples_leaf"": 10, ""n_estimators"": 1100}",5,3.2198376431632583,2.286602801147754,0.053351602213379624,0.25049755165336596
4,meia,RF,14,"{""max_depth"": 2, ""max_features"": ""sqrt"", ""min_samples_leaf"": 10, ""n_estimators"": 1500}",5,3.2214190322602434,2.286402772951005,0.05234883994837587,0.2548785027009286
4,meia,RF,62,"{""max_depth"": 2, ""max_features"": ""sqrt"", ""min_samples_leaf"": 75, ""n_estimators"": 1500}",5,3.221469712285591,2.2863189393938645,0.052323093644809957,0.2546297324120092
4,meia,RF,8,"{""max_depth"": 2, ""max_features"": ""sqrt"", ""min_samples_leaf"": 20, ""n_estimators"": 850}",5,3.221779238798612,2.2863099751675824,0.05213788995630055,0.2546481983230939
4,meia,RF,7,"{""max_depth"": null, ""max_features"": 0.8, ""min_samples_leaf"": 10, ""n_estimators"": 1400}",5,3.22269903224435,2.293218482648028,0.05166289318298874,0.24748914796648025
4,meia,RF,5,"{""max_depth"": 8, ""max_features"": 1.0, ""min_samples_leaf"": 2, ""n_estimators"": 350}",5,3.2236594473156344,2.301317815881512,0.051270353685993995,0.2514132173929211
4,meia,RF,11,"{""max_depth"": 12, ""max_features"": 0.3, ""min_samples_leaf"": 2, ""n_estimators"": 1750}",5,3.22378450102307,2.3117259638176733,0.051264674511722494,0.25157964352216594
4,meia,RF,33,"{""max_depth"": 12, ""max_features"": 0.5, ""min_samples_leaf"": 2, ""n_estimators"": 850}",5,3.230254861433136,2.3161020243428285,0.047481624447144585,0.24708581761963688
4,meia,RF,61,"{""max_depth"": null, ""max_features"": 0.8, ""min_samples_leaf"": 5, ""n_estimators"": 600}",5,3.2338109751015205,2.3163090293696005,0.045183593674311795,0.23956992313270248
4,meia,RF,47,"{""max_depth"": null, ""max_features"": 0.3, ""min_samples_leaf"": 2, ""n_estimators"": 1250}",5,3.2423614909657417,2.3456242211511547,0.04038016143240304,0.2385665095354069
4,meia,RF,25,"{""max_depth"": null, ""max_features"": 1.0, ""min_samples_leaf"": 2, ""n_estimators"": 800}",5,3.2598084372729836,2.365391448160259,0.030004088751127412,0.23034235007380918
4,meia,XGB,13,"{""colsample_bytree"": 0.5519214449450374, ""learning_rate"": 0.01285055226681729, ""max_depth"": 3, ""n_estimators"": 350, ""reg_alpha"": 0.0003430101828087219, ""reg_lambda"": 4.282157839548478, ""subsample"": 0.6602999758906662}",5,3.202399736275828,2.26823136840229,0.06356475202368354,0.26697374934617357
4,meia,XGB,11,"{""colsample_bytree"": 0.9920489201322198, ""learning_rate"": 0.004490724301900747, ""max_depth"": 2, ""n_estimators"": 1250, ""reg_alpha"": 9.628490946412484, ""reg_lambda"": 26.337947323259108, ""subsample"": 0.8750924048945308}",5,3.2030167408731045,2.2620037444519765,0.06317473159576248,0.2669998149899474
4,meia,XGB,63,"{""colsample_bytree"": 0.979510891251266, ""learning_rate"": 0.0026110093348935635, ""max_depth"": 4, ""n_estimators"": 1100, ""reg_alpha"": 3.625531059333283, ""reg_lambda"": 3.3753537857177265, ""subsample"": 0.5006052111275494}",5,3.2059517191146427,2.2677390232852392,0.06149767051721202,0.26344846592619964
4,meia,XGB,61,"{""colsample_bytree"": 0.7374551789835095, ""learning_rate"": 0.008400449652882712, ""max_depth"": 2, ""n_estimators"": 250, ""reg_alpha"": 0.0001568007746195425, ""reg_lambda"": 1.2109870044864097, ""subsample"": 0.7307628551498055}",5,3.2073484840244384,2.269683704474108,0.06058801794668478,0.2648386931280603
4,meia,XGB,35,"{""colsample_bytree"": 0.5081904069520533, ""learning_rate"": 0.0014889294596340775, ""max_depth"": 2, ""n_estimators"": 1550, ""reg_alpha"": 0.004037281769150291, ""reg_lambda"": 0.025470630483935896, ""subsample"": 0.6068074083887041}",5,3.207431295684711,2.2808414850947525,0.06059092449365786,0.26413627330385697
4,meia,XGB,47,"{""colsample_bytree"": 0.847130146343261, ""learning_rate"": 0.0036360600107161654, ""max_depth"": 2, ""n_estimators"": 1200, ""reg_alpha"": 0.000812743410640046, ""reg_lambda"": 0.03981914554537361, ""subsample"": 0.7972003198228776}",5,3.209400590033172,2.2854788106273363,0.059613069167590106,0.2625058499258131
4,meia,XGB,51,"{""colsample_bytree"": 0.625068218447268, ""learning_rate"": 0.006123118498998678, ""max_depth"": 3, ""n_estimators"": 1500, ""reg_alpha"": 0.7211395848937334, ""reg_lambda"": 10.763200496285176, ""subsample"": 0.8413888667710125}",5,3.2109229780844353,2.275822784147999,0.05863062591699895,0.2607607851070838
4,meia,XGB,5,"{""colsample_bytree"": 0.8798112468793988, ""learning_rate"": 0.0032512984489769512, ""max_depth"": 4, ""n_estimators"": 400, ""reg_alpha"": 0.002497742980329767, ""reg_lambda"": 0.3831243470438582, ""subsample"": 0.5485846274532378}",5,3.212905190324129,2.2853629288449855,0.05734358758961089,0.2602406097393412
4,meia,XGB,54,"{""colsample_bytree"": 0.6949512772262096, ""learning_rate"": 0.0011780835331739355, ""max_depth"": 5, ""n_estimators"": 1250, ""reg_alpha"": 1.476405538392317, ""reg_lambda"": 0.1370533492761394, ""subsample"": 0.7786347051151097}",5,3.2129298970998947,2.2865668902747034,0.05734311565023986,0.2555782829558507
4,meia,XGB,25,"{""colsample_bytree"": 0.6011153836734593, ""learning_rate"": 0.005929528583067072, ""max_depth"": 3, ""n_estimators"": 850, ""reg_alpha"": 2.2446897840093656, ""reg_lambda"": 0.0010023940428399874, ""subsample"": 0.5898452992551029}",5,3.215389119598742,2.298948661685787,0.05628320852840134,0.2615925450857976
4,meia,XGB,40,"{""colsample_bytree"": 0.8358770660124719, ""learning_rate"": 0.002766468636951521, ""max_depth"": 6, ""n_estimators"": 800, ""reg_alpha"": 7.686195398162609, ""reg_lambda"": 0.27283408982660134, ""subsample"": 0.6887596286833286}",5,3.215987472101626,2.281496447477423,0.055633382954766095,0.2514864823314245
4,meia,XGB,49,"{""colsample_bytree"": 0.8986299997195601, ""learning_rate"": 0.002041720258446412, ""max_depth"": 3, ""n_estimators"": 600, ""reg_alpha"": 0.01992193781312205, ""reg_lambda"": 2.8719474920345007, ""subsample"": 0.9231212893500924}",5,3.2161429978927836,2.2770372076257472,0.055397803154092505,0.26042840055604705
4,meia,XGB,27,"{""colsample_bytree"": 0.8746695355512202, ""learning_rate"": 0.0018398171995602861, ""max_depth"": 4, ""n_estimators"": 1400, ""reg_alpha"": 0.00014290338823853393, ""reg_lambda"": 0.08051163426115664, ""subsample"": 0.672683147713542}",5,3.217775754978033,2.3031050656105583,0.05483845929806943,0.2556882425276743
4,meia,XGB,21,"{""colsample_bytree"": 0.7623283811844885, ""learning_rate"": 0.0025057115394290256, ""max_depth"": 2, ""n_estimators"": 500, ""reg_alpha"": 0.5403086083780577, ""reg_lambda"": 0.0032301550182275303, ""subsample"": 0.7510215635411441}",5,3.219722636688806,2.283286215406447,0.05328821971169828,0.260016051595381
4,meia,XGB,18,"{""colsample_bytree"": 0.5811041458509862, ""learning_rate"": 0.0017040940593697487, ""max_depth"": 7, ""n_estimators"": 1250, ""reg_alpha"": 0.00023752055550926352, ""reg_lambda"": 7.644585859264176, ""subsample"": 0.9190638717263937}",5,3.2201631781755182,2.275222992062352,0.053163877930307656,0.24956415009355495
4,meia,XGB,20,"{""colsample_bytree"": 0.8234229604713619, ""learning_rate"": 0.005495244607579209, ""max_depth"": 7, ""n_estimators"": 300, ""reg_alpha"": 1.3467411425523819, ""reg_lambda"": 2.039814741993465, ""subsample"": 0.8142573009245098}",5,3.220393886001034,2.2819327884109897,0.05300061084735319,0.24752743467421437
4,meia,XGB,44,"{""colsample_bytree"": 0.5594679932110012, ""learning_rate"": 0.006665560018000852, ""max_depth"": 5, ""n_estimators"": 550, ""reg_alpha"": 0.08548062648554937, ""reg_lambda"": 0.8344129196802617, ""subsample"": 0.9025939740240574}",5,3.220405835987749,2.299144432173122,0.053242156984808275,0.2542742188074597
4,meia,XGB,9,"{""colsample_bytree"": 0.7343453234061599, ""learning_rate"": 0.001343436495512724, ""max_depth"": 5, ""n_estimators"": 750, ""reg_alpha"": 0.0006084851655633791, ""reg_lambda"": 0.5926427719675725, ""subsample"": 0.8562451475299895}",5,3.2208387048501153,2.2881062922986497,0.05261400693860896,0.2554182942778319
4,meia,XGB,33,"{""colsample_bytree"": 0.7658711154945195, ""learning_rate"": 0.004631640475716694, ""max_depth"": 4, ""n_estimators"": 700, ""reg_alpha"": 0.14550446952706136, ""reg_lambda"": 0.00624533915595389, ""subsample"": 0.6265157125890255}",5,3.2230962945213806,2.3091908701524098,0.05184672370047043,0.2554600026981068
4,meia,XGB,42,"{""colsample_bytree"": 0.7859143181703985, ""learning_rate"": 0.002143920320921273, ""max_depth"": 8, ""n_estimators"": 1000, ""reg_alpha"": 0.0068914604090100215, ""reg_lambda"": 37.08234018435227, ""subsample"": 0.8599325171671808}",5,3.226122788240475,2.271648436065374,0.04957123147234814,0.2462794673554575
4,meia,XGB,7,"{""colsample_bytree"": 0.6531320987269282, ""learning_rate"": 0.0010481619572072865, ""max_depth"": 3, ""n_estimators"": 950, ""reg_alpha"": 0.1327063227683239, ""reg_lambda"": 21.030813240718224, ""subsample"": 0.7158950148150325}",5,3.226914468341603,2.283179398859343,0.04910847760388959,0.26203272652986564
4,meia,XGB,28,"{""colsample_bytree"": 0.7450284226797521, ""learning_rate"": 0.014025125492043775, ""max_depth"": 6, ""n_estimators"": 450, ""reg_alpha"": 0.1793833183312084, ""reg_lambda"": 44.60854559316446, ""subsample"": 0.957188309635967}",5,3.230423255463845,2.288017122167572,0.04708993282644909,0.2449576914563109
4,meia,XGB,32,"{""colsample_bytree"": 0.5314727774821222, ""learning_rate"": 0.0013176494637767546, ""max_depth"": 8, ""n_estimators"": 700, ""reg_alpha"": 0.21616988694426761, ""reg_lambda"": 1.7005066806546008, ""subsample"": 0.5281029711477458}",5,3.230935315362374,2.288461303031324,0.04676862228605856,0.25479572998328365
4,meia,XGB,60,"{""colsample_bytree"": 0.6763605996966362, ""learning_rate"": 0.0016520589744992386, ""max_depth"": 7, ""n_estimators"": 400, ""reg_alpha"": 0.03410733210713404, ""reg_lambda"": 0.0014075405725347294, ""subsample"": 0.6684969747439027}",5,3.2335550186969946,2.3111160379981084,0.045157482812848725,0.24755125031893596
4,meia,XGB,30,"{""colsample_bytree"": 0.8047864767722785, ""learning_rate"": 0.003942963502548866, ""max_depth"": 6, ""n_estimators"": 1500, ""reg_alpha"": 0.025539210560561278, ""reg_lambda"": 4.739810499307139, ""subsample"": 0.7344540413469076}",5,3.2342461046265045,2.30343702039631,0.045016730245207894,0.24262399373019736
4,meia,XGB,1,"{""colsample_bytree"": 0.8420405397191644, ""learning_rate"": 0.052401111326278366, ""max_depth"": 2, ""n_estimators"": 650, ""reg_alpha"": 0.0441007577115268, ""reg_lambda"": 12.15616707960732, ""subsample"": 0.9933395576663315}",5,3.2364703921941276,2.314444855772574,0.04394796688981557,0.248044758173235
4,meia,XGB,4,"{""colsample_bytree"": 0.9407866224646568, ""learning_rate"": 0.002213702058861375, ""max_depth"": 6, ""n_estimators"": 250, ""reg_alpha"": 0.0010204471682872405, ""reg_lambda"": 0.004447703278271244, ""subsample"": 0.6103793778456748}",5,3.2406390469614808,2.312736830734303,0.04090278538300862,0.24742584162340067
4,meia,XGB,41,"{""colsample_bytree"": 0.6577429310418665, ""learning_rate"": 0.015763846491624395, ""max_depth"": 2, ""n_estimators"": 750, ""reg_alpha"": 1.0698996916657113, ""reg_lambda"": 0.06348313321944471, ""subsample"": 0.5199311319738626}",5,3.24473676821426,2.3362996912555856,0.03940987516014334,0.25546481323392156
4,meia,XGB,36,"{""colsample_bytree"": 0.8878286643885076, ""learning_rate"": 0.019469096724278347, ""max_depth"": 8, ""n_estimators"": 250, ""reg_alpha"": 2.9329328360091673, ""reg_lambda"": 8.633929564496423, ""subsample"": 0.7594151217490435}",5,3.2519767433996414,2.3170386987609457,0.03432024978467252,0.2264428333993135
4,meia,XGB,23,"{""colsample_bytree"": 0.5202497807331383, ""learning_rate"": 0.0075022974260527345, ""max_depth"": 5, ""n_estimators"": 1000, ""reg_alpha"": 0.01024644746852143, ""reg_lambda"": 0.19295607109604784, ""subsample"": 0.9822710435837507}",5,3.2564295317852787,2.3349055106919816,0.032421022750184325,0.23843328389491236
4,meia,XGB,58,"{""colsample_bytree"": 0.9186565261334181, ""learning_rate"": 0.004957440910297297, ""max_depth"": 6, ""n_estimators"": 1000, ""reg_alpha"": 0.41988357076504595, ""reg_lambda"": 0.11305201399703872, ""subsample"": 0.5628424664027989}",5,3.2571472995515394,2.349287539487942,0.031944809182103164,0.24128048077490566
4,meia,XGB,16,"{""colsample_bytree"": 0.6643393728882074, ""learning_rate"": 0.009613210406115657, ""max_depth"": 6, ""n_estimators"": 550, ""reg_alpha"": 0.006281505062889137, ""reg_lambda"": 0.011128819174605627, ""subsample"": 0.7930179634131491}",5,3.2601832792345165,2.3454685254202166,0.030167271143062457,0.237377820355057
4,meia,XGB,64,"{""colsample_bytree"": 0.6076851300895214, ""learning_rate"": 0.011227804513833603, ""max_depth"": 5, ""n_estimators"": 700, ""reg_alpha"": 0.002871073107828411, ""reg_lambda"": 0.04658745025094497, ""subsample"": 0.848038955591619}",5,3.2685612134200523,2.3517543441693105,0.02536056872783101,0.24017331584825322
4,meia,XGB,53,"{""colsample_bytree"": 0.8153101680800319, ""learning_rate"": 0.02849473028555064, ""max_depth"": 5, ""n_estimators"": 500, ""reg_alpha"": 0.005280767254648216, ""reg_lambda"": 23.997015200433662, ""subsample"": 0.6188073074445128}",5,3.2707696200283265,2.3366227596380766,0.023265822750044008,0.22024085323838757
4,meia,XGB,45,"{""colsample_bytree"": 0.6204433687962592, ""learning_rate"": 0.001090790035319715, ""max_depth"": 4, ""n_estimators"": 300, ""reg_alpha"": 18.706628843514043, ""reg_lambda"": 0.00790461735887091, ""subsample"": 0.9653586409986019}",5,3.2718066656336524,2.322486993257808,0.02244833403188713,0.256105159269216
4,meia,XGB,2,"{""colsample_bytree"": 0.7143479268997908, ""learning_rate"": 0.007395679895504517, ""max_depth"": 8, ""n_estimators"": 1100, ""reg_alpha"": 5.759597024686567, ""reg_lambda"": 0.018139186678553524, ""subsample"": 0.6541326744481921}",5,3.2787767378012447,2.363730814961268,0.01862743355020291,0.2145225422926432
4,meia,XGB,14,"{""colsample_bytree"": 0.9222831837832928, ""learning_rate"": 0.0030973627237326166, ""max_depth"": 8, ""n_estimators"": 1500, ""reg_alpha"": 0.05293598013799995, ""reg_lambda"": 0.05606127291979353, ""subsample"": 0.9383519990369678}",5,3.2802788140291703,2.3683187269865846,0.018135593356346246,0.22585012938408416
4,meia,XGB,38,"{""colsample_bytree"": 0.5779561433009803, ""learning_rate"": 0.009227227478763743, ""max_depth"": 7, ""n_estimators"": 1400, ""reg_alpha"": 0.001983582302515068, ""reg_lambda"": 14.976717799289693, ""subsample"": 0.5445310226641595}",5,3.280479932971015,2.3555097405162067,0.017535505254330473,0.2127277309964403
4,meia,XGB,39,"{""colsample_bytree"": 0.7057563909329474, ""learning_rate"": 0.012347566093322326, ""max_depth"": 4, ""n_estimators"": 900, ""reg_alpha"": 0.022552822868291172, ""reg_lambda"": 0.003609847874428303, ""subsample"": 0.91180708585307}",5,3.280825294652918,2.3622414052205536,0.018048859813105424,0.23626987621525233
4,meia,XGB,59,"{""colsample_bytree"": 0.798668778501451, ""learning_rate"": 0.020816692210975932, ""max_depth"": 3, ""n_estimators"": 1350, ""reg_alpha"": 4.343069730423279, ""reg_lambda"": 0.49772459663947555, ""subsample"": 0.9457418532110751}",5,3.282587590969559,2.3599409218082554,0.016858385436265146,0.23088185476736403
4,meia,XGB,56,"{""colsample_bytree"": 0.9682726059108973, ""learning_rate"": 0.003788240270303302, ""max_depth"": 8, ""n_estimators"": 800, ""reg_alpha"": 0.00038382998333558036, ""reg_lambda"": 0.0022943142751041196, ""subsample"": 0.9858468258753419}",5,3.291848466379137,2.3681264373830673,0.011249822674030496,0.21607099441385563
4,meia,XGB,37,"{""colsample_bytree"": 0.9478239086456597, ""learning_rate"": 0.03696796581742612, ""max_depth"": 3, ""n_estimators"": 450, ""reg_alpha"": 0.26060582779238295, ""reg_lambda"": 0.17090188783792123, ""subsample"": 0.8216686192899942}",5,3.293531389498579,2.3743159666094824,0.010437295892246179,0.22807658809613396
4,meia,XGB,17,"{""colsample_bytree"": 0.959278388414532, ""learning_rate"": 0.023096009833932004, ""max_depth"": 3, ""n_estimators"": 650, ""reg_alpha"": 0.06680326520081972, ""reg_lambda"": 0.02231492610622683, ""subsample"": 0.6971659897826612}",5,3.2953338475756544,2.3821457473100076,0.00939960625132541,0.23301475499706714
4,meia,XGB,3,"{""colsample_bytree"": 0.568467921577394, ""learning_rate"": 0.017472093072865933, ""max_depth"": 4, ""n_estimators"": 1600, ""reg_alpha"": 0.34571092703989953, ""reg_lambda"": 2.5707189730362927, ""subsample"": 0.771475781686604}",5,3.305324064811489,2.395033443741969,0.0031402282564769292,0.21700292394009657
4,meia,XGB,50,"{""colsample_bytree"": 0.528761200606823, ""learning_rate"": 0.014463668457163206, ""max_depth"": 7, ""n_estimators"": 1200, ""reg_alpha"": 12.0126181962634, ""reg_lambda"": 0.005128933757525393, ""subsample"": 0.7087259427644312}",5,3.316052948083988,2.3914395565565267,-0.003918436719333562,0.19368772059336833
4,meia,XGB,24,"{""colsample_bytree"": 0.892569515388459, ""learning_rate"": 0.03348820820102673, ""max_depth"": 5, ""n_estimators"": 750, ""reg_alpha"": 15.937853779380706, ""reg_lambda"": 17.08906170519083, ""subsample"": 0.6339206709526479}",5,3.3239131912996016,2.4006667458711957,-0.008730061898580232,0.19635439033513777
4,meia,XGB,31,"{""colsample_bytree"": 0.9116039820946753, ""learning_rate"": 0.029685712756611225, ""max_depth"": 2, ""n_estimators"": 1150, ""reg_alpha"": 0.001687556076331206, ""reg_lambda"": 0.00940894863633519, ""subsample"": 0.8674238249659538}",5,3.324112704596419,2.40336190387129,-0.008040322828004908,0.2287993777050493
4,meia,XGB,29,"{""colsample_bytree"": 0.6849063602276146, ""learning_rate"": 0.09895231820360668, ""max_depth"": 5, ""n_estimators"": 200, ""reg_alpha"": 8.486350903976925, ""reg_lambda"": 0.03309009814489493, ""subsample"": 0.8954403041861951}",5,3.3247813337602663,2.388917150892169,-0.008857672826908924,0.19259886971321966
4,meia,XGB,22,"{""colsample_bytree"": 0.634636556264013, ""learning_rate"": 0.010040733607247688, ""max_depth"": 8, ""n_estimators"": 1300, ""reg_alpha"": 0.0009014128052613807, ""reg_lambda"": 0.23651773248921085, ""subsample"": 0.5995530784130096}",5,3.3389028978687563,2.4387490217760504,-0.01721680976687092,0.20413822952039512
4,meia,XGB,8,"{""colsample_bytree"": 0.774960707873106, ""learning_rate"": 0.024452475688516433, ""max_depth"": 7, ""n_estimators"": 850, ""reg_alpha"": 0.0001815894891979192, ""reg_lambda"": 0.12138868227886604, ""subsample"": 0.9315543291158974}",5,3.3676510354808187,2.463197106265727,-0.03474892015661999,0.1992554680074363
4,meia,XGB,15,"{""colsample_bytree"": 0.7939813332632184, ""learning_rate"": 0.04134614638652368, ""max_depth"": 3, ""n_estimators"": 1200, ""reg_alpha"": 1.717391477022521, ""reg_lambda"": 0.9448208774913581, ""subsample"": 0.5712512033060193}",5,3.3717672866238524,2.453228969037972,-0.03725930334881986,0.2027330607933727
4,meia,XGB,57,"{""colsample_bytree"": 0.5409762570634484, ""learning_rate"": 0.06958609604138169, ""max_depth"": 4, ""n_estimators"": 900, ""reg_alpha"": 0.001271168774577201, ""reg_lambda"": 31.683427938302188, ""subsample"": 0.7857788121327758}",5,3.376055566081677,2.4467683986507875,-0.04037332168198806,0.17867413015096473
4,meia,XGB,10,"{""colsample_bytree"": 0.8542246446013451, ""learning_rate"": 0.01885426178034407, ""max_depth"": 5, ""n_estimators"": 1050, ""reg_alpha"": 0.9310894278999958, ""reg_lambda"": 0.00180465362119513, ""subsample"": 0.5080011310055852}",5,3.38057888695842,2.4772194484036456,-0.04262789683418957,0.2014106426843587
4,meia,XGB,55,"{""colsample_bytree"": 0.588635434396565, ""learning_rate"": 0.0883902768859083, ""max_depth"": 2, ""n_estimators"": 1050, ""reg_alpha"": 0.060573938698703256, ""reg_lambda"": 0.3321280336991138, ""subsample"": 0.645977518055588}",5,3.4083030962620584,2.483711753591426,-0.059832093369560725,0.19490943215943254
4,meia,XGB,46,"{""colsample_bytree"": 0.998124664183706, ""learning_rate"": 0.02737895079301408, ""max_depth"": 6, ""n_estimators"": 1450, ""reg_alpha"": 0.012298214373827988, ""reg_lambda"": 1.326749859079806, ""subsample"": 0.6801607045345008}",5,3.4099136787301143,2.495177634159144,-0.061157178063416716,0.16957413041354816
4,meia,XGB,26,"{""colsample_bytree"": 0.9714782158844173, ""learning_rate"": 0.04360293748713706, ""max_depth"": 7, ""n_estimators"": 950, ""reg_alpha"": 0.003169131557164582, ""reg_lambda"": 0.7007719376827588, ""subsample"": 0.8056433498859406}",5,3.4126896626016006,2.497964421063975,-0.06299247926080769,0.1785602884400817
4,meia,XGB,62,"{""colsample_bytree"": 0.8656257186084986, ""learning_rate"": 0.0348490031673198, ""max_depth"": 8, ""n_estimators"": 1600, ""reg_alpha"": 0.11172547145130801, ""reg_lambda"": 0.013246779920703116, ""subsample"": 0.8835141197778285}",5,3.4284838911616085,2.5179543988569324,-0.07276035646647508,0.17492657716713764
4,meia,XGB,12,"{""colsample_bytree"": 0.6119166892021894, ""learning_rate"": 0.05657870886178703, ""max_depth"": 8, ""n_estimators"": 500, ""reg_alpha"": 0.0163288343167791, ""reg_lambda"": 0.08914130472717753, ""subsample"": 0.723521423060447}",5,3.428992979294893,2.523332827642881,-0.07304657273405671,0.17817897276933808
4,meia,XGB,34,"{""colsample_bytree"": 0.6455130795948207, ""learning_rate"": 0.06278094966476376, ""max_depth"": 6, ""n_estimators"": 1150, ""reg_alpha"": 0.00011301598909911128, ""reg_lambda"": 1.825867517681074, ""subsample"": 0.9740891489200294}",5,3.4327869952655687,2.5060513271140303,-0.07555562352793092,0.15866518976968214
4,meia,XGB,52,"{""colsample_bytree"": 0.7551881056278944, ""learning_rate"": 0.0483232940866918, ""max_depth"": 7, ""n_estimators"": 350, ""reg_alpha"": 0.00046086631260659343, ""reg_lambda"": 0.015891781906402485, ""subsample"": 0.5560912927612662}",5,3.442109177227805,2.531226592333375,-0.08097400414179345,0.178512719218833
4,meia,XGB,48,"{""colsample_bytree"": 0.7248227628879249, ""learning_rate"": 0.08192723171766085, ""max_depth"": 7, ""n_estimators"": 600, ""reg_alpha"": 0.4763965963119043, ""reg_lambda"": 6.013176320686056, ""subsample"": 0.582701476290822}",5,3.4703179187114457,2.5399550329899276,-0.10013567846045737,0.14183539621216198
4,meia,XGB,6,"{""colsample_bytree"": 0.5016359183937311, ""learning_rate"": 0.07863135626293781, ""max_depth"": 6, ""n_estimators"": 1350, ""reg_alpha"": 3.234983879907792, ""reg_lambda"": 0.0025639966494586984, ""subsample"": 0.8332323851063848}",5,3.475799020910034,2.5532916540068293,-0.10311667264797726,0.14732838470066315
4,meia,XGB,43,"{""colsample_bytree"": 0.9312926610000432, ""learning_rate"": 0.050802920503119554, ""max_depth"": 5, ""n_estimators"": 1350, ""reg_alpha"": 0.00031079511009794237, ""reg_lambda"": 0.0012852024975186147, ""subsample"": 0.7429024833254516}",5,3.5533684861716486,2.63249918525728,-0.1519872995186074,0.16293571034479945
4,meia,XGB,19,"{""colsample_bytree"": 0.7015934963710606, ""learning_rate"": 0.07184330208075035, ""max_depth"": 3, ""n_estimators"": 1450, ""reg_alpha"": 0.008482996371322014, ""reg_lambda"": 0.00720190126078291, ""subsample"": 0.5363402292132378}",5,3.641664637851414,2.686847154923163,-0.21314169380841105,0.17128086272679371
5,atacante,RF,54,"{""max_depth"": 5, ""max_features"": 0.3, ""min_samples_leaf"": 10, ""n_estimators"": 1800}",5,4.037535083468981,2.832666351043983,0.07656968560915975,0.29717749656159054
5,atacante,RF,46,"{""max_depth"": 5, ""max_features"": 0.8, ""min_samples_leaf"": 20, ""n_estimators"": 1450}",5,4.037674241990141,2.831210791638135,0.07648049645665378,0.29717333554919656
5,atacante,RF,16,"{""max_depth"": 5, ""max_features"": 0.3, ""min_samples_leaf"": 5, ""n_estimators"": 950}",5,4.03855964890258,2.836561445234268,0.07608779301457225,0.295558697570929
5,atacante,RF,3,"{""max_depth"": 12, ""max_features"": 0.3, ""min_samples_leaf"": 30, ""n_estimators"": 1550}",5,4.038815450281608,2.8419378995922595,0.07597211881252026,0.2956483483902265
5,atacante,RF,40,"{""max_depth"": 5, ""max_features"": 0.8, ""min_samples_leaf"": 10, ""n_estimators"": 800}",5,4.038947649222448,2.8349602780741474,0.07591982095906118,0.29543408459254555
5,atacante,RF,44,"{""max_depth"": 5, ""max_features"": 0.3, ""min_samples_leaf"": 5, ""n_estimators"": 400}",5,4.038969990189152,2.8365675293727373,0.0758869247232373,0.29540333850358635
5,atacante,RF,55,"{""max_depth"": 12, ""max_features"": 0.5, ""min_samples_leaf"": 75, ""n_estimators"": 1250}",5,4.0390098649291915,2.8383085428800165,0.07589958711542677,0.295694745881698
5,atacante,RF,59,"{""max_depth"": null, ""max_features"": ""sqrt"", ""min_samples_leaf"": 30, ""n_estimators"": 1600}",5,4.039097441531138,2.8402161417992375,0.07586513552588783,0.29703377388250934
5,atacante,RF,24,"{""max_depth"": 5, ""max_features"": 0.5, ""min_samples_leaf"": 50, ""n_estimators"": 750}",5,4.039202455529539,2.831620597483509,0.0757900354519924,0.2971380276768645
5,atacante,RF,57,"{""max_depth"": 8, ""max_features"": 0.3, ""min_samples_leaf"": 75, ""n_estimators"": 850}",5,4.039274797834544,2.8366088955766258,0.07579613300404517,0.29663699986818715
5,atacante,RF,23,"{""max_depth"": 8, ""max_features"": ""sqrt"", ""min_samples_leaf"": 5, ""n_estimators"": 1300}",5,4.039794474628974,2.8442464447147446,0.07549098735729823,0.29308199415615865
5,atacante,RF,52,"{""max_depth"": 5, ""max_features"": 1.0, ""min_samples_leaf"": 50, ""n_estimators"": 550}",5,4.039899279061482,2.8324319799539017,0.07547337401501601,0.29598603628807213
5,atacante,RF,6,"{""max_depth"": 5, ""max_features"": 0.5, ""min_samples_leaf"": 75, ""n_estimators"": 1650}",5,4.039944643134392,2.8340593370440574,0.07546984143366857,0.29611614288182836
5,atacante,RF,45,"{""max_depth"": 8, ""max_features"": ""sqrt"", ""min_samples_leaf"": 20, ""n_estimators"": 500}",5,4.039972154822334,2.8387372050719697,0.07541658355801599,0.2964328587014638
5,atacante,RF,17,"{""max_depth"": 8, ""max_features"": 0.8, ""min_samples_leaf"": 30, ""n_estimators"": 1050}",5,4.0400093545010645,2.8383189044669193,0.0754110245910623,0.29575423302610915
5,atacante,RF,29,"{""max_depth"": 12, ""max_features"": 0.3, ""min_samples_leaf"": 75, ""n_estimators"": 650}",5,4.040029622364135,2.8365491354022465,0.07545536034072624,0.2961990592067858
5,atacante,RF,43,"{""max_depth"": 8, ""max_features"": 0.8, ""min_samples_leaf"": 50, ""n_estimators"": 1750}",5,4.0402252728418535,2.839155289557578,0.0753214257755614,0.29480447794476344
5,atacante,RF,19,"{""max_depth"": null, ""max_features"": 1.0, ""min_samples_leaf"": 75, ""n_estimators"": 1450}",5,4.040264581873472,2.8413428579246434,0.07530937493904002,0.2937552163762157
5,atacante,RF,13,"{""max_depth"": null, ""max_features"": 0.5, ""min_samples_leaf"": 50, ""n_estimators"": 550}",5,4.040417243822999,2.839985043378154,0.07522940728099699,0.29491196076519904
5,atacante,RF,37,"{""max_depth"": null, ""max_features"": 0.5, ""min_samples_leaf"": 50, ""n_estimators"": 350}",5,4.040623248317201,2.8400511686847643,0.07514751300455366,0.29484952100423467
5,atacante,RF,15,"{""max_depth"": 8, ""max_features"": 1.0, ""min_samples_leaf"": 50, ""n_estimators"": 1150}",5,4.040951169679323,2.84053486217676,0.07497961621944176,0.2941744916162815
5,atacante,RF,58,"{""max_depth"": 5, ""max_features"": 1.0, ""min_samples_leaf"": 2, ""n_estimators"": 1400}",5,4.040999517101083,2.840932919989201,0.07494544672575301,0.29295036575297584
5,atacante,RF,1,"{""max_depth"": 12, ""max_features"": ""sqrt"", ""min_samples_leaf"": 50, ""n_estimators"": 950}",5,4.041382280170138,2.83994279080535,0.07482978531296125,0.2975092250029291
5,atacante,RF,39,"{""max_depth"": 8, ""max_features"": ""sqrt"", ""min_samples_leaf"": 50, ""n_estimators"": 1350}",5,4.041450196232772,2.8392212278439866,0.07481063042901115,0.29772514619855733
5,atacante,RF,4,"{""max_depth"": 3, ""max_features"": 0.8, ""min_samples_leaf"": 5, ""n_estimators"": 600}",5,4.042338736422712,2.8284994555406002,0.07448948076077848,0.2955895048559912
5,atacante,RF,41,"{""max_depth"": 12, ""max_features"": 1.0, ""min_samples_leaf"": 30, ""n_estimators"": 750}",5,4.042478055313883,2.8450725499542036,0.07429105516362237,0.29334446789018653
5,atacante,RF,10,"{""max_depth"": 3, ""max_features"": 1.0, ""min_samples_leaf"": 20, ""n_estimators"": 1250}",5,4.042604290063897,2.828309869320047,0.07432039533744061,0.2950134574783675
5,atacante,RF,30,"{""max_depth"": 3, ""max_features"": 0.8, ""min_samples_leaf"": 2, ""n_estimators"": 1600}",5,4.042844630993441,2.8277431893594267,0.07426200887206855,0.29523595091808985
5,atacante,RF,64,"{""max_depth"": 3, ""max_features"": 0.5, ""min_samples_leaf"": 30, ""n_estimators"": 950}",5,4.043047438896572,2.828298404690384,0.07410269010792589,0.2956773742342353
5,atacante,RF,18,"{""max_depth"": 5, ""max_features"": ""sqrt"", ""min_samples_leaf"": 20, ""n_estimators"": 1200}",5,4.043101507571845,2.83770327912102,0.07402189378879878,0.2963708465290432
5,atacante,RF,28,"{""max_depth"": 5, ""max_features"": ""sqrt"", ""min_samples_leaf"": 30, ""n_estimators"": 400}",5,4.043536169077866,2.8373477129429205,0.07382785624372179,0.29735108499889956
5,atacante,RF,53,"{""max_depth"": 8, ""max_features"": 1.0, ""min_samples_leaf"": 20, ""n_estimators"": 500}",5,4.043816234881366,2.8440734456661283,0.07364103974339445,0.2923741700564781
5,atacante,RF,2,"{""max_depth"": 3, ""max_features"": 0.5, ""min_samples_leaf"": 5, ""n_estimators"": 1150}",5,4.0439422401370715,2.83049260004739,0.07373139012479099,0.29424201175231496
5,atacante,RF,42,"{""max_depth"": 3, ""max_features"": 0.5, ""min_samples_leaf"": 5, ""n_estimators"": 1350}",5,4.044122722550168,2.8308840024615565,0.07364945424874966,0.2939889310617178
5,atacante,RF,9,"{""max_depth"": 12, ""max_features"": 0.5, ""min_samples_leaf"": 20, ""n_estimators"": 700}",5,4.044290929267448,2.8503616875254982,0.07345471976203069,0.2914057969397462
5,atacante,RF,49,"{""max_depth"": null, ""max_features"": ""sqrt"", ""min_samples_leaf"": 10, ""n_estimators"": 1000}",5,4.044332402084072,2.85405277555894,0.07343863988080934,0.289067294605303
5,atacante,RF,22,"{""max_depth"": 3, ""max_features"": 0.8, ""min_samples_leaf"": 50, ""n_estimators"": 1700}",5,4.044343906904409,2.8290959773922433,0.07349469230018095,0.29432693484172345
5,atacante,RF,31,"{""max_depth"": null, ""max_features"": 0.5, ""min_samples_leaf"": 20, ""n_estimators"": 1100}",5,4.044679517330638,2.852039448752625,0.07328857790531187,0.29085305851114746
5,atacante,RF,27,"{""max_depth"": 8, ""max_features"": 0.8, ""min_samples_leaf"": 10, ""n_estimators"": 1700}",5,4.045740976905094,2.8535175577263376,0.07277339660017383,0.289756066488892
5,atacante,RF,12,"{""max_depth"": 3, ""max_features"": 0.8, ""min_samples_leaf"": 75, ""n_estimators"": 450}",5,4.04596648614799,2.830683928592266,0.07276854591554119,0.2932145862300984
5,atacante,RF,35,"{""max_depth"": null, ""max_features"": 0.8, ""min_samples_leaf"": 20, ""n_estimators"": 1600}",5,4.0477042628783915,2.8561088150478566,0.07191547433867787,0.2884972952005215
5,atacante,RF,51,"{""max_depth"": 8, ""max_features"": 0.5, ""min_samples_leaf"": 5, ""n_estimators"": 1500}",5,4.0478348084641365,2.8591515617753998,0.07171174459045263,0.28744000707716316
5,atacante,RF,21,"{""max_depth"": 12, ""max_features"": 0.3, ""min_samples_leaf"": 10, ""n_estimators"": 400}",5,4.049849740819434,2.8620907887028713,0.07090484048966672,0.2858483318082052
5,atacante,RF,63,"{""max_depth"": 12, ""max_features"": 1.0, ""min_samples_leaf"": 10, ""n_estimators"": 1100}",5,4.053437876793922,2.873167483378783,0.069291551128236,0.2843237196382159
5,atacante,RF,7,"{""max_depth"": null, ""max_features"": 0.8, ""min_samples_leaf"": 10, ""n_estimators"": 1400}",5,4.0559474551029115,2.880899407481876,0.06814862408297476,0.2816804379548581
5,atacante,RF,32,"{""max_depth"": 2, ""max_features"": 1.0, ""min_samples_leaf"": 10, ""n_estimators"": 900}",5,4.056443172693681,2.8334279756306415,0.06810182717752518,0.28793077207387585
5,atacante,RF,50,"{""max_depth"": 2, ""max_features"": 0.8, ""min_samples_leaf"": 30, ""n_estimators"": 1200}",5,4.056610515612141,2.8331466777025365,0.0680068430843535,0.2882902419466318
5,atacante,RF,38,"{""max_depth"": 2, ""max_features"": 1.0, ""min_samples_leaf"": 5, ""n_estimators"": 1700}",5,4.056929697372153,2.833927821063971,0.06787108543430317,0.2876122043794512
5,atacante,RF,5,"{""max_depth"": 8, ""max_features"": 1.0, ""min_samples_leaf"": 2, ""n_estimators"": 350}",5,4.057191229820416,2.870151479715944,0.06734007990102882,0.28262545356705826
5,atacante,RF,60,"{""max_depth"": 2, ""max_features"": 0.5, ""min_samples_leaf"": 20, ""n_estimators"": 300}",5,4.058043556542921,2.835977706111394,0.0673248981159773,0.28802717807470696
5,atacante,RF,48,"{""max_depth"": 2, ""max_features"": 1.0, ""min_samples_leaf"": 75, ""n_estimators"": 1050}",5,4.058304163317702,2.83435212616786,0.06722195967133533,0.2870644571700608
5,atacante,RF,56,"{""max_depth"": 3, ""max_features"": ""sqrt"", ""min_samples_leaf"": 2, ""n_estimators"": 700}",5,4.058507575787919,2.849797038723968,0.06706269541623407,0.2902814286294209
5,atacante,RF,36,"{""max_depth"": 2, ""max_features"": 0.3, ""min_samples_leaf"": 30, ""n_estimators"": 650}",5,4.058728638725288,2.8425115689218776,0.06703484569529188,0.290178597097421
5,atacante,RF,26,"{""max_depth"": 2, ""max_features"": 0.3, ""min_samples_leaf"": 50, ""n_estimators"": 1350}",5,4.058831364129203,2.843417565394245,0.06698135212768444,0.29010683480571814
5,atacante,RF,34,"{""max_depth"": 3, ""max_features"": ""sqrt"", ""min_samples_leaf"": 75, ""n_estimators"": 1050}",5,4.059225349627277,2.851129845494104,0.06672268738219148,0.2923598425504502
5,atacante,RF,11,"{""max_depth"": 12, ""max_features"": 0.3, ""min_samples_leaf"": 2, ""n_estimators"": 1750}",5,4.059492859918553,2.8928855743849526,0.06628846522023488,0.2780315651502899
5,atacante,RF,20,"{""max_depth"": 2, ""max_features"": 0.3, ""min_samples_leaf"": 2, ""n_estimators"": 500}",5,4.060217289468176,2.843924104679374,0.06634899663596572,0.2888842149116398
5,atacante,RF,33,"{""max_depth"": 12, ""max_features"": 0.5, ""min_samples_leaf"": 2, ""n_estimators"": 850}",5,4.069999629680826,2.9022140296746257,0.061428923923950565,0.2736995495887475
5,atacante,RF,61,"{""max_depth"": null, ""max_features"": 0.8, ""min_samples_leaf"": 5, ""n_estimators"": 600}",5,4.074488486576955,2.917448699067088,0.05946591618952768,0.26970577229380704
5,atacante,RF,8,"{""max_depth"": 2, ""max_features"": ""sqrt"", ""min_samples_leaf"": 20, ""n_estimators"": 850}",5,4.076378890486593,2.862835898531543,0.05891688287409005,0.2872947381265724
5,atacante,RF,62,"{""max_depth"": 2, ""max_features"": ""sqrt"", ""min_samples_leaf"": 75, ""n_estimators"": 1500}",5,4.0765924346397835,2.8645399747517546,0.05881894671128387,0.28838296222815607
5,atacante,RF,14,"{""max_depth"": 2, ""max_features"": ""sqrt"", ""min_samples_leaf"": 10, ""n_estimators"": 1500}",5,4.076728673797447,2.8640467872650315,0.058758578044887225,0.2863968534566409
5,atacante,RF,47,"{""max_depth"": null, ""max_features"": 0.3, ""min_samples_leaf"": 2, ""n_estimators"": 1250}",5,4.082494676029642,2.9464603560242084,0.05571817786680271,0.26327362527592607
5,atacante,RF,25,"{""max_depth"": null, ""max_features"": 1.0, ""min_samples_leaf"": 2, ""n_estimators"": 800}",5,4.103965458211089,2.967480245061431,0.04553500517176812,0.2568761446184554
5,atacante,XGB,11,"{""colsample_bytree"": 0.9920489201322198, ""learning_rate"": 0.004490724301900747, ""max_depth"": 2, ""n_estimators"": 1250, ""reg_alpha"": 9.628490946412484, ""reg_lambda"": 26.337947323259108, ""subsample"": 0.8750924048945308}",5,4.039168974592011,2.8294329810062115,0.07574342521606522,0.29789105771902685
5,atacante,XGB,47,"{""colsample_bytree"": 0.847130146343261, ""learning_rate"": 0.0036360600107161654, ""max_depth"": 2, ""n_estimators"": 1200, ""reg_alpha"": 0.000812743410640046, ""reg_lambda"": 0.03981914554537361, ""subsample"": 0.7972003198228776}",5,4.039383878969097,2.8294396872387395,0.07568414842644029,0.2963018329030378
5,atacante,XGB,35,"{""colsample_bytree"": 0.5081904069520533, ""learning_rate"": 0.0014889294596340775, ""max_depth"": 2, ""n_estimators"": 1550, ""reg_alpha"": 0.004037281769150291, ""reg_lambda"": 0.025470630483935896, ""subsample"": 0.6068074083887041}",5,4.045393974591165,2.8334232040878655,0.07305637296623083,0.29844090146208657
5,atacante,XGB,13,"{""colsample_bytree"": 0.5519214449450374, ""learning_rate"": 0.01285055226681729, ""max_depth"": 3, ""n_estimators"": 350, ""reg_alpha"": 0.0003430101828087219, ""reg_lambda"": 4.282157839548478, ""subsample"": 0.6602999758906662}",5,4.045700340415886,2.8366739632919202,0.07267639075144428,0.2909060224438935
5,atacante,XGB,63,"{""colsample_bytree"": 0.979510891251266, ""learning_rate"": 0.0026110093348935635, ""max_depth"": 4, ""n_estimators"": 1100, ""reg_alpha"": 3.625531059333283, ""reg_lambda"": 3.3753537857177265, ""subsample"": 0.5006052111275494}",5,4.04656959668265,2.837360578909193,0.07232448810130987,0.29099573713044535
5,atacante,XGB,27,"{""colsample_bytree"": 0.8746695355512202, ""learning_rate"": 0.0018398171995602861, ""max_depth"": 4, ""n_estimators"": 1400, ""reg_alpha"": 0.00014290338823853393, ""reg_lambda"": 0.08051163426115664, ""subsample"": 0.672683147713542}",5,4.046717508908748,2.853045886778764,0.07226512758520634,0.28619065084295603
5,atacante,XGB,25,"{""colsample_bytree"": 0.6011153836734593, ""learning_rate"": 0.005929528583067072, ""max_depth"": 3, ""n_estimators"": 850, ""reg_alpha"": 2.2446897840093656, ""reg_lambda"": 0.0010023940428399874, ""subsample"": 0.5898452992551029}",5,4.047753988415304,2.8443426093517084,0.07171594968522957,0.2878804451180903
5,atacante,XGB,61,"{""colsample_bytree"": 0.7374551789835095, ""learning_rate"": 0.008400449652882712, ""max_depth"": 2, ""n_estimators"": 250, ""reg_alpha"": 0.0001568007746195425, ""reg_lambda"": 1.2109870044864097, ""subsample"": 0.7307628551498055}",5,4.048519603653039,2.8341395847330793,0.07164128777257144,0.29827408053228527
5,atacante,XGB,33,"{""colsample_bytree"": 0.7658711154945195, ""learning_rate"": 0.004631640475716694, ""max_depth"": 4, ""n_estimators"": 700, ""reg_alpha"": 0.14550446952706136, ""reg_lambda"": 0.00624533915595389, ""subsample"": 0.6265157125890255}",5,4.04917878460637,2.855101202117814,0.07105166632693347,0.2847006810032566
5,atacante,XGB,5,"{""colsample_bytree"": 0.8798112468793988, ""learning_rate"": 0.0032512984489769512, ""max_depth"": 4, ""n_estimators"": 400, ""reg_alpha"": 0.002497742980329767, ""reg_lambda"": 0.3831243470438582, ""subsample"": 0.5485846274532378}",5,4.056982210778152,2.8515906521237335,0.06768608040046067,0.29277761718331996
5,atacante,XGB,54,"{""colsample_bytree"": 0.6949512772262096, ""learning_rate"": 0.0011780835331739355, ""max_depth"": 5, ""n_estimators"": 1250, ""reg_alpha"": 1.476405538392317, ""reg_lambda"": 0.1370533492761394, ""subsample"": 0.7786347051151097}",5,4.057491779633219,2.860137508582446,0.06736545067697519,0.2825371209145545
5,atacante,XGB,41,"{""colsample_bytree"": 0.6577429310418665, ""learning_rate"": 0.015763846491624395, ""max_depth"": 2, ""n_estimators"": 750, ""reg_alpha"": 1.0698996916657113, ""reg_lambda"": 0.06348313321944471, ""subsample"": 0.5199311319738626}",5,4.058241328216732,2.853667591449704,0.06683032037458865,0.2819944438498322
5,atacante,XGB,40,"{""colsample_bytree"": 0.8358770660124719, ""learning_rate"": 0.002766468636951521, ""max_depth"": 6, ""n_estimators"": 800, ""reg_alpha"": 7.686195398162609, ""reg_lambda"": 0.27283408982660134, ""subsample"": 0.6887596286833286}",5,4.062623819690506,2.8702123350944504,0.06486190823031848,0.27496679549628494
5,atacante,XGB,51,"{""colsample_bytree"": 0.625068218447268, ""learning_rate"": 0.006123118498998678, ""max_depth"": 3, ""n_estimators"": 1500, ""reg_alpha"": 0.7211395848937334, ""reg_lambda"": 10.763200496285176, ""subsample"": 0.8413888667710125}",5,4.063793194619944,2.860376625444574,0.06421888658643322,0.27849545646886653
5,atacante,XGB,49,"{""colsample_bytree"": 0.8986299997195601, ""learning_rate"": 0.002041720258446412, ""max_depth"": 3, ""n_estimators"": 600, ""reg_alpha"": 0.01992193781312205, ""reg_lambda"": 2.8719474920345007, ""subsample"": 0.9231212893500924}",5,4.066414141890199,2.8547640033985067,0.06346762457463204,0.28854967920356867
5,atacante,XGB,44,"{""colsample_bytree"": 0.5594679932110012, ""learning_rate"": 0.006665560018000852, ""max_depth"": 5, ""n_estimators"": 550, ""reg_alpha"": 0.08548062648554937, ""reg_lambda"": 0.8344129196802617, ""subsample"": 0.9025939740240574}",5,4.072764336595602,2.8773072984119423,0.05997734837725817,0.2681132193484605
5,atacante,XGB,21,"{""colsample_bytree"": 0.7623283811844885, ""learning_rate"": 0.0025057115394290256, ""max_depth"": 2, ""n_estimators"": 500, ""reg_alpha"": 0.5403086083780577, ""reg_lambda"": 0.0032301550182275303, ""subsample"": 0.7510215635411441}",5,4.0729888714969515,2.854701836844401,0.06052039407284919,0.2933183900455264
5,atacante,XGB,9,"{""colsample_bytree"": 0.7343453234061599, ""learning_rate"": 0.001343436495512724, ""max_depth"": 5, ""n_estimators"": 750, ""reg_alpha"": 0.0006084851655633791, ""reg_lambda"": 0.5926427719675725, ""subsample"": 0.8562451475299895}",5,4.074240520662064,2.86892601727498,0.05976995031668584,0.2810449231444311
5,atacante,XGB,20,"{""colsample_bytree"": 0.8234229604713619, ""learning_rate"": 0.005495244607579209, ""max_depth"": 7, ""n_estimators"": 300, ""reg_alpha"": 1.3467411425523819, ""reg_lambda"": 2.039814741993465, ""subsample"": 0.8142573009245098}",5,4.075072916525447,2.872752785841048,0.059120836924849,0.26685021010824567
5,atacante,XGB,18,"{""colsample_bytree"": 0.5811041458509862, ""learning_rate"": 0.0017040940593697487, ""max_depth"": 7, ""n_estimators"": 1250, ""reg_alpha"": 0.00023752055550926352, ""reg_lambda"": 7.644585859264176, ""subsample"": 0.9190638717263937}",5,4.077837589609851,2.8629778879420344,0.05775981759852213,0.26623738639349953
5,atacante,XGB,7,"{""colsample_bytree"": 0.6531320987269282, ""learning_rate"": 0.0010481619572072865, ""max_depth"": 3, ""n_estimators"": 950, ""reg_alpha"": 0.1327063227683239, ""reg_lambda"": 21.030813240718224, ""subsample"": 0.7158950148150325}",5,4.08551169667589,2.8603333761304173,0.05469973333904754,0.2956630388444156
5,atacante,XGB,42,"{""colsample_bytree"": 0.7859143181703985, ""learning_rate"": 0.002143920320921273, ""max_depth"": 8, ""n_estimators"": 1000, ""reg_alpha"": 0.0068914604090100215, ""reg_lambda"": 37.08234018435227, ""subsample"": 0.8599325171671808}",5,4.08683467816116,2.8513548914321865,0.05358015929160065,0.26271351654424724
5,atacante,XGB,58,"{""colsample_bytree"": 0.9186565261334181, ""learning_rate"": 0.004957440910297297, ""max_depth"": 6, ""n_estimators"": 1000, ""reg_alpha"": 0.41988357076504595, ""reg_lambda"": 0.11305201399703872, ""subsample"": 0.5628424664027989}",5,4.090260773192519,2.9213968524667977,0.051807466296994065,0.2615553766729358
5,atacante,XGB,60,"{""colsample_bytree"": 0.6763605996966362, ""learning_rate"": 0.0016520589744992386, ""max_depth"": 7, ""n_estimators"": 400, ""reg_alpha"": 0.03410733210713404, ""reg_lambda"": 0.0014075405725347294, ""subsample"": 0.6684969747439027}",5,4.091555968191396,2.894891742823069,0.051799190038455366,0.2752087541176592
5,atacante,XGB,32,"{""colsample_bytree"": 0.5314727774821222, ""learning_rate"": 0.0013176494637767546, ""max_depth"": 8, ""n_estimators"": 700, ""reg_alpha"": 0.21616988694426761, ""reg_lambda"": 1.7005066806546008, ""subsample"": 0.5281029711477458}",5,4.0920743491021385,2.869485494839805,0.05150012020061545,0.2798913936816644
5,atacante,XGB,28,"{""colsample_bytree"": 0.7450284226797521, ""learning_rate"": 0.014025125492043775, ""max_depth"": 6, ""n_estimators"": 450, ""reg_alpha"": 0.1793833183312084, ""reg_lambda"": 44.60854559316446, ""subsample"": 0.957188309635967}",5,4.0940849891966025,2.880944709580296,0.050097984387706095,0.2554734629341334
5,atacante,XGB,30,"{""colsample_bytree"": 0.8047864767722785, ""learning_rate"": 0.003942963502548866, ""max_depth"": 6, ""n_estimators"": 1500, ""reg_alpha"": 0.025539210560561278, ""reg_lambda"": 4.739810499307139, ""subsample"": 0.7344540413469076}",5,4.10069452129814,2.9045198429109296,0.04701656589258889,0.25493752953968063
5,atacante,XGB,4,"{""colsample_bytree"": 0.9407866224646568, ""learning_rate"": 0.002213702058861375, ""max_depth"": 6, ""n_estimators"": 250, ""reg_alpha"": 0.0010204471682872405, ""reg_lambda"": 0.004447703278271244, ""subsample"": 0.6103793778456748}",5,4.102828480447005,2.8945702118452843,0.04668050272749822,0.28183884490853756
5,atacante,XGB,16,"{""colsample_bytree"": 0.6643393728882074, ""learning_rate"": 0.009613210406115657, ""max_depth"": 6, ""n_estimators"": 550, ""reg_alpha"": 0.006281505062889137, ""reg_lambda"": 0.011128819174605627, ""subsample"": 0.7930179634131491}",5,4.108082469489597,2.93692600462792,0.043500835997934376,0.25139921044005925
5,atacante,XGB,36,"{""colsample_bytree"": 0.8878286643885076, ""learning_rate"": 0.019469096724278347, ""max_depth"": 8, ""n_estimators"": 250, ""reg_alpha"": 2.9329328360091673, ""reg_lambda"": 8.633929564496423, ""subsample"": 0.7594151217490435}",5,4.110779245309992,2.903345215821287,0.04251253716592884,0.2485342535933513
5,atacante,XGB,1,"{""colsample_bytree"": 0.8420405397191644, ""learning_rate"": 0.052401111326278366, ""max_depth"": 2, ""n_estimators"": 650, ""reg_alpha"": 0.0441007577115268, ""reg_lambda"": 12.15616707960732, ""subsample"": 0.9933395576663315}",5,4.111020452490228,2.9060554163717343,0.04185339923180713,0.2520697664070414
5,atacante,XGB,64,"{""colsample_bytree"": 0.6076851300895214, ""learning_rate"": 0.011227804513833603, ""max_depth"": 5, ""n_estimators"": 700, ""reg_alpha"": 0.002871073107828411, ""reg_lambda"": 0.04658745025094497, ""subsample"": 0.848038955591619}",5,4.115918640426794,2.932619191807659,0.03979749302586662,0.2491326166474161
5,atacante,XGB,17,"{""colsample_bytree"": 0.959278388414532, ""learning_rate"": 0.023096009833932004, ""max_depth"": 3, ""n_estimators"": 650, ""reg_alpha"": 0.06680326520081972, ""reg_lambda"": 0.02231492610622683, ""subsample"": 0.6971659897826612}",5,4.116942892265181,2.9246650761094886,0.03923172416213196,0.2530824543212667
5,atacante,XGB,23,"{""colsample_bytree"": 0.5202497807331383, ""learning_rate"": 0.0075022974260527345, ""max_depth"": 5, ""n_estimators"": 1000, ""reg_alpha"": 0.01024644746852143, ""reg_lambda"": 0.19295607109604784, ""subsample"": 0.9822710435837507}",5,4.1177426195997056,2.925283700807409,0.03871839902084353,0.24629994556050328
5,atacante,XGB,39,"{""colsample_bytree"": 0.7057563909329474, ""learning_rate"": 0.012347566093322326, ""max_depth"": 4, ""n_estimators"": 900, ""reg_alpha"": 0.022552822868291172, ""reg_lambda"": 0.003609847874428303, ""subsample"": 0.91180708585307}",5,4.123557991928144,2.924408712321179,0.03623382805368995,0.24743744894284467
5,atacante,XGB,37,"{""colsample_bytree"": 0.9478239086456597, ""learning_rate"": 0.03696796581742612, ""max_depth"": 3, ""n_estimators"": 450, ""reg_alpha"": 0.26060582779238295, ""reg_lambda"": 0.17090188783792123, ""subsample"": 0.8216686192899942}",5,4.1313142547926995,2.927768332721632,0.03257315963792593,0.24319137741592373
5,atacante,XGB,31,"{""colsample_bytree"": 0.9116039820946753, ""learning_rate"": 0.029685712756611225, ""max_depth"": 2, ""n_estimators"": 1150, ""reg_alpha"": 0.001687556076331206, ""reg_lambda"": 0.00940894863633519, ""subsample"": 0.8674238249659538}",5,4.1352127504856675,2.9287675128078696,0.0302931944385747,0.24690635291489132
5,atacante,XGB,53,"{""colsample_bytree"": 0.8153101680800319, ""learning_rate"": 0.02849473028555064, ""max_depth"": 5, ""n_estimators"": 500, ""reg_alpha"": 0.005280767254648216, ""reg_lambda"": 23.997015200433662, ""subsample"": 0.6188073074445128}",5,4.135778049675076,2.9251438964168592,0.0306098775852345,0.23782128962606733
5,atacante,XGB,2,"{""colsample_bytree"": 0.7143479268997908, ""learning_rate"": 0.007395679895504517, ""max_depth"": 8, ""n_estimators"": 1100, ""reg_alpha"": 5.759597024686567, ""reg_lambda"": 0.018139186678553524, ""subsample"": 0.6541326744481921}",5,4.153630465794903,2.984417348126269,0.022220329726331367,0.22955368858810096
5,atacante,XGB,45,"{""colsample_bytree"": 0.6204433687962592, ""learning_rate"": 0.001090790035319715, ""max_depth"": 4, ""n_estimators"": 300, ""reg_alpha"": 18.706628843514043, ""reg_lambda"": 0.00790461735887091, ""subsample"": 0.9653586409986019}",5,4.153811940052003,2.9194706174553735,0.02303400245463816,0.28505032078498305
5,atacante,XGB,38,"{""colsample_bytree"": 0.5779561433009803, ""learning_rate"": 0.009227227478763743, ""max_depth"": 7, ""n_estimators"": 1400, ""reg_alpha"": 0.001983582302515068, ""reg_lambda"": 14.976717799289693, ""subsample"": 0.5445310226641595}",5,4.157347998821296,2.9543745136259956,0.02053585798777722,0.22314237578976298
5,atacante,XGB,14,"{""colsample_bytree"": 0.9222831837832928, ""learning_rate"": 0.0030973627237326166, ""max_depth"": 8, ""n_estimators"": 1500, ""reg_alpha"": 0.05293598013799995, ""reg_lambda"": 0.05606127291979353, ""subsample"": 0.9383519990369678}",5,4.165387839030349,2.991067787477774,0.015934169302455746,0.22867774293848067
5,atacante,XGB,59,"{""colsample_bytree"": 0.798668778501451, ""learning_rate"": 0.020816692210975932, ""max_depth"": 3, ""n_estimators"": 1350, ""reg_alpha"": 4.343069730423279, ""reg_lambda"": 0.49772459663947555, ""subsample"": 0.9457418532110751}",5,4.17026061016955,2.9680672486580577,0.014009603270788974,0.22774951867545273
5,atacante,XGB,56,"{""colsample_bytree"": 0.9682726059108973, ""learning_rate"": 0.003788240270303302, ""max_depth"": 8, ""n_estimators"": 800, ""reg_alpha"": 0.00038382998333558036, ""reg_lambda"": 0.0022943142751041196, ""subsample"": 0.9858468258753419}",5,4.179568717606506,2.9872038611586174,0.008825908956583061,0.22439624882464929
5,atacante,XGB,3,"{""colsample_bytree"": 0.568467921577394, ""learning_rate"": 0.017472093072865933, ""max_depth"": 4, ""n_estimators"": 1600, ""reg_alpha"": 0.34571092703989953, ""reg_lambda"": 2.5707189730362927, ""subsample"": 0.771475781686604}",5,4.184925799508994,2.989365922354522,0.00709165469635602,0.22236330302742324
5,atacante,XGB,22,"{""colsample_bytree"": 0.634636556264013, ""learning_rate"": 0.010040733607247688, ""max_depth"": 8, ""n_estimators"": 1300, ""reg_alpha"": 0.0009014128052613807, ""reg_lambda"": 0.23651773248921085, ""subsample"": 0.5995530784130096}",5,4.199959068223699,3.049196841910605,0.00013283362835192492,0.21373703815554598
5,atacante,XGB,24,"{""colsample_bytree"": 0.892569515388459, ""learning_rate"": 0.03348820820102673, ""max_depth"": 5, ""n_estimators"": 750, ""reg_alpha"": 15.937853779380706, ""reg_lambda"": 17.08906170519083, ""subsample"": 0.6339206709526479}",5,4.200356824100713,2.99739395172727,5.690906661874884e-05,0.21166906266244095
5,atacante,XGB,50,"{""colsample_bytree"": 0.528761200606823, ""learning_rate"": 0.014463668457163206, ""max_depth"": 7, ""n_estimators"": 1200, ""reg_alpha"": 12.0126181962634, ""reg_lambda"": 0.005128933757525393, ""subsample"": 0.7087259427644312}",5,4.202714217162341,3.0180291962018004,-0.0010272087722685396,0.20511408696028705
5,atacante,XGB,10,"{""colsample_bytree"": 0.8542246446013451, ""learning_rate"": 0.01885426178034407, ""max_depth"": 5, ""n_estimators"": 1050, ""reg_alpha"": 0.9310894278999958, ""reg_lambda"": 0.00180465362119513, ""subsample"": 0.5080011310055852}",5,4.251251270554382,3.0703670923418414,-0.024449573094075073,0.20479617755591337
5,atacante,XGB,29,"{""colsample_bytree"": 0.6849063602276146, ""learning_rate"": 0.09895231820360668, ""max_depth"": 5, ""n_estimators"": 200, ""reg_alpha"": 8.486350903976925, ""reg_lambda"": 0.03309009814489493, ""subsample"": 0.8954403041861951}",5,4.255563648808645,3.0537427227281,-0.02647195081528566,0.20232038905462552
5,atacante,XGB,15,"{""colsample_bytree"": 0.7939813332632184, ""learning_rate"": 0.04134614638652368, ""max_depth"": 3, ""n_estimators"": 1200, ""reg_alpha"": 1.717391477022521, ""reg_lambda"": 0.9448208774913581, ""subsample"": 0.5712512033060193}",5,4.259560217143218,3.060260866047429,-0.02874704704707496,0.20216215453452638
5,atacante,XGB,8,"{""colsample_bytree"": 0.774960707873106, ""learning_rate"": 0.024452475688516433, ""max_depth"": 7, ""n_estimators"": 850, ""reg_alpha"": 0.0001815894891979192, ""reg_lambda"": 0.12138868227886604, ""subsample"": 0.9315543291158974}",5,4.266152311934891,3.0801043833566397,-0.032079057626333826,0.19908846607881392
5,atacante,XGB,52,"{""colsample_bytree"": 0.7551881056278944, ""learning_rate"": 0.0483232940866918, ""max_depth"": 7, ""n_estimators"": 350, ""reg_alpha"": 0.00046086631260659343, ""reg_lambda"": 0.015891781906402485, ""subsample"": 0.5560912927612662}",5,4.283839352336615,3.1197961139090613,-0.03989810922826429,0.2037699132503707
5,atacante,XGB,55,"{""colsample_bytree"": 0.588635434396565, ""learning_rate"": 0.0883902768859083, ""max_depth"": 2, ""n_estimators"": 1050, ""reg_alpha"": 0.060573938698703256, ""reg_lambda"": 0.3321280336991138, ""subsample"": 0.645977518055588}",5,4.2855259476556,3.086321879124141,-0.04130494226202204,0.2005421656816952
5,atacante,XGB,57,"{""colsample_bytree"": 0.5409762570634484, ""learning_rate"": 0.06958609604138169, ""max_depth"": 4, ""n_estimators"": 900, ""reg_alpha"": 0.001271168774577201, ""reg_lambda"": 31.683427938302188, ""subsample"": 0.7857788121327758}",5,4.294488352575263,3.082433341151966,-0.04569186999016619,0.17974011107582485
5,atacante,XGB,12,"{""colsample_bytree"": 0.6119166892021894, ""learning_rate"": 0.05657870886178703, ""max_depth"": 8, ""n_estimators"": 500, ""reg_alpha"": 0.0163288343167791, ""reg_lambda"": 0.08914130472717753, ""subsample"": 0.723521423060447}",5,4.308718875556527,3.1427843028604276,-0.05176613894543429,0.1858022388973048
5,atacante,XGB,46,"{""colsample_bytree"": 0.998124664183706, ""learning_rate"": 0.02737895079301408, ""max_depth"": 6, ""n_estimators"": 1450, ""reg_alpha"": 0.012298214373827988, ""reg_lambda"": 1.326749859079806, ""subsample"": 0.6801607045345008}",5,4.31301980086927,3.127659141844334,-0.054236195952481615,0.18063369260503678
5,atacante,XGB,26,"{""colsample_bytree"": 0.9714782158844173, ""learning_rate"": 0.04360293748713706, ""max_depth"": 7, ""n_estimators"": 950, ""reg_alpha"": 0.003169131557164582, ""reg_lambda"": 0.7007719376827588, ""subsample"": 0.8056433498859406}",5,4.330488765603844,3.1496242819598685,-0.06289636736142512,0.1774349195847858
5,atacante,XGB,62,"{""colsample_bytree"": 0.8656257186084986, ""learning_rate"": 0.0348490031673198, ""max_depth"": 8, ""n_estimators"": 1600, ""reg_alpha"": 0.11172547145130801, ""reg_lambda"": 0.013246779920703116, ""subsample"": 0.8835141197778285}",5,4.3347040424481404,3.171111660282185,-0.06498408776068203,0.17925826763526803
5,atacante,XGB,48,"{""colsample_bytree"": 0.7248227628879249, ""learning_rate"": 0.08192723171766085, ""max_depth"": 7, ""n_estimators"": 600, ""reg_alpha"": 0.4763965963119043, ""reg_lambda"": 6.013176320686056, ""subsample"": 0.582701476290822}",5,4.336829757517546,3.1363500522762804,-0.0654629448126538,0.17234001753147318
5,atacante,XGB,6,"{""colsample_bytree"": 0.5016359183937311, ""learning_rate"": 0.07863135626293781, ""max_depth"": 6, ""n_estimators"": 1350, ""reg_alpha"": 3.234983879907792, ""reg_lambda"": 0.0025639966494586984, ""subsample"": 0.8332323851063848}",5,4.371729623934195,3.1747680199052026,-0.08260095157158327,0.17077148974487072
5,atacante,XGB,34,"{""colsample_bytree"": 0.6455130795948207, ""learning_rate"": 0.06278094966476376, ""max_depth"": 6, ""n_estimators"": 1150, ""reg_alpha"": 0.00011301598909911128, ""reg_lambda"": 1.825867517681074, ""subsample"": 0.9740891489200294}",5,4.374107000546452,3.1460357987730996,-0.08500879865760189,0.16472181316971954
5,atacante,XGB,43,"{""colsample_bytree"": 0.9312926610000432, ""learning_rate"": 0.050802920503119554, ""max_depth"": 5, ""n_estimators"": 1350, ""reg_alpha"": 0.00031079511009794237, ""reg_lambda"": 0.0012852024975186147, ""subsample"": 0.7429024833254516}",5,4.442355523947209,3.2565706203452636,-0.11858429215523966,0.16357087910100324
5,atacante,XGB,19,"{""colsample_bytree"": 0.7015934963710606, ""learning_rate"": 0.07184330208075035, ""max_depth"": 3, ""n_estimators"": 1450, ""reg_alpha"": 0.008482996371322014, ""reg_lambda"": 0.00720190126078291, ""subsample"": 0.5363402292132378}",5,4.513234198149904,3.29745890868512,-0.1561105438663049,0.15936929686380985
6,tecnico,RF,30,"{""max_depth"": 3, ""max_features"": 0.8, ""min_samples_leaf"": 2, ""n_estimators"": 1600}",5,2.3189763839717967,1.8077188949867762,0.09330582945337726,0.3551162585844176
6,tecnico,RF,2,"{""max_depth"": 3, ""max_features"": 0.5, ""min_samples_leaf"": 5, ""n_estimators"": 1150}",5,2.3210497556055305,1.8129805314409855,0.09173423404922876,0.3566394204658608
6,tecnico,RF,42,"{""max_depth"": 3, ""max_features"": 0.5, ""min_samples_leaf"": 5, ""n_estimators"": 1350}",5,2.321053077067027,1.8132894055257975,0.09173054716775517,0.3567271296825439
6,tecnico,RF,4,"{""max_depth"": 3, ""max_features"": 0.8, ""min_samples_leaf"": 5, ""n_estimators"": 600}",5,2.3216397047429274,1.8094319029679802,0.0912292968441181,0.3537628263413835
6,tecnico,RF,38,"{""max_depth"": 2, ""max_features"": 1.0, ""min_samples_leaf"": 5, ""n_estimators"": 1700}",5,2.32400085487697,1.8092536176312488,0.0894821219054955,0.3544135266461403
6,tecnico,RF,32,"{""max_depth"": 2, ""max_features"": 1.0, ""min_samples_leaf"": 10, ""n_estimators"": 900}",5,2.3250588053827563,1.809407779361561,0.08875864562799132,0.3544804606071913
6,tecnico,RF,20,"{""max_depth"": 2, ""max_features"": 0.3, ""min_samples_leaf"": 2, ""n_estimators"": 500}",5,2.3326120437046027,1.8397793652805432,0.08278736341474886,0.36176617979670117
6,tecnico,RF,40,"{""max_depth"": 5, ""max_features"": 0.8, ""min_samples_leaf"": 10, ""n_estimators"": 800}",5,2.333496341078433,1.8219052662767083,0.08183317315967564,0.3428565276629632
6,tecnico,RF,58,"{""max_depth"": 5, ""max_features"": 1.0, ""min_samples_leaf"": 2, ""n_estimators"": 1400}",5,2.334052532663267,1.8218007104170038,0.08131904640762558,0.3400004982397232
6,tecnico,RF,16,"{""max_depth"": 5, ""max_features"": 0.3, ""min_samples_leaf"": 5, ""n_estimators"": 950}",5,2.3355187739342576,1.8327603370802894,0.0804396558221134,0.3472013082400145
6,tecnico,RF,44,"{""max_depth"": 5, ""max_features"": 0.3, ""min_samples_leaf"": 5, ""n_estimators"": 400}",5,2.3366488177133182,1.833039663362883,0.07953436587403392,0.3469071584474835
6,tecnico,RF,54,"{""max_depth"": 5, ""max_features"": 0.3, ""min_samples_leaf"": 10, ""n_estimators"": 1800}",5,2.338242582142777,1.844982437297272,0.07829242416694811,0.34722766916210995
6,tecnico,RF,27,"{""max_depth"": 8, ""max_features"": 0.8, ""min_samples_leaf"": 10, ""n_estimators"": 1700}",5,2.3433991871611632,1.8306843353842002,0.07399584114127138,0.3338517118088312
6,tecnico,RF,21,"{""max_depth"": 12, ""max_features"": 0.3, ""min_samples_leaf"": 10, ""n_estimators"": 400}",5,2.349822588675467,1.8580367540699083,0.06907379651968804,0.3322991443679196
6,tecnico,RF,51,"{""max_depth"": 8, ""max_features"": 0.5, ""min_samples_leaf"": 5, ""n_estimators"": 1500}",5,2.350768533623954,1.8377299175079098,0.06811624046539584,0.3297824795212315
6,tecnico,RF,7,"{""max_depth"": null, ""max_features"": 0.8, ""min_samples_leaf"": 10, ""n_estimators"": 1400}",5,2.3517248559767046,1.8370445247612668,0.06737926226049998,0.32826824695763773
6,tecnico,RF,63,"{""max_depth"": 12, ""max_features"": 1.0, ""min_samples_leaf"": 10, ""n_estimators"": 1100}",5,2.3524323023661626,1.8355701677263752,0.06670909215859366,0.32670748841314834
6,tecnico,RF,5,"{""max_depth"": 8, ""max_features"": 1.0, ""min_samples_leaf"": 2, ""n_estimators"": 350}",5,2.355363296768245,1.8394881225866508,0.06425753661101477,0.3218861083480105
6,tecnico,RF,23,"{""max_depth"": 8, ""max_features"": ""sqrt"", ""min_samples_leaf"": 5, ""n_estimators"": 1300}",5,2.360696409905002,1.8738999325249588,0.06064624751059662,0.33621897006000384
6,tecnico,RF,11,"{""max_depth"": 12, ""max_features"": 0.3, ""min_samples_leaf"": 2, ""n_estimators"": 1750}",5,2.3663075924795245,1.8544273939730676,0.05584676330636318,0.3172070889129449
6,tecnico,RF,49,"{""max_depth"": null, ""max_features"": ""sqrt"", ""min_samples_leaf"": 10, ""n_estimators"": 1000}",5,2.3694297022682353,1.889581598488266,0.0535247627562724,0.3298475248022624
6,tecnico,RF,33,"{""max_depth"": 12, ""max_features"": 0.5, ""min_samples_leaf"": 2, ""n_estimators"": 850}",5,2.3714186775073545,1.853189431349677,0.05157002138550819,0.31221655887881217
6,tecnico,RF,61,"{""max_depth"": null, ""max_features"": 0.8, ""min_samples_leaf"": 5, ""n_estimators"": 600}",5,2.3736619576351323,1.854310554026759,0.049528182111689766,0.3093761150952114
6,tecnico,RF,64,"{""max_depth"": 3, ""max_features"": 0.5, ""min_samples_leaf"": 30, ""n_estimators"": 950}",5,2.3746333829941895,1.882027357656663,0.048218701409362796,0.27696030270895566
6,tecnico,RF,56,"{""max_depth"": 3, ""max_features"": ""sqrt"", ""min_samples_leaf"": 2, ""n_estimators"": 700}",5,2.374830363473099,1.8870478091769995,0.049679562285685264,0.35330425802591425
6,tecnico,RF,10,"{""max_depth"": 3, ""max_features"": 1.0, ""min_samples_leaf"": 20, ""n_estimators"": 1250}",5,2.3778316884240835,1.869878298636803,0.04554898117058359,0.2740612302492444
6,tecnico,RF,60,"{""max_depth"": 2, ""max_features"": 0.5, ""min_samples_leaf"": 20, ""n_estimators"": 300}",5,2.378400801527383,1.8791946011429659,0.045491581277891546,0.2856442018328151
6,tecnico,RF,17,"{""max_depth"": 8, ""max_features"": 0.8, ""min_samples_leaf"": 30, ""n_estimators"": 1050}",5,2.379734824115872,1.8783889037524824,0.04395572197293438,0.26746501984126003
6,tecnico,RF,50,"{""max_depth"": 2, ""max_features"": 0.8, ""min_samples_leaf"": 30, ""n_estimators"": 1200}",5,2.3801860881866603,1.8725823738560983,0.044091934317562045,0.2747200605276467
6,tecnico,RF,46,"{""max_depth"": 5, ""max_features"": 0.8, ""min_samples_leaf"": 20, ""n_estimators"": 1450}",5,2.3801936191211857,1.8764613041872544,0.04342096595894114,0.27008925595712674
6,tecnico,RF,41,"{""max_depth"": 12, ""max_features"": 1.0, ""min_samples_leaf"": 30, ""n_estimators"": 750}",5,2.3803412862219417,1.8770352896895286,0.04348098229229045,0.2668898636012937
6,tecnico,RF,53,"{""max_depth"": 8, ""max_features"": 1.0, ""min_samples_leaf"": 20, ""n_estimators"": 500}",5,2.3823408602445797,1.8787601883931848,0.04182470304908372,0.2672310159783279
6,tecnico,RF,47,"{""max_depth"": null, ""max_features"": 0.3, ""min_samples_leaf"": 2, ""n_estimators"": 1250}",5,2.3830636396556986,1.8679914804914692,0.042275833921700604,0.3039245895809848
6,tecnico,RF,31,"{""max_depth"": null, ""max_features"": 0.5, ""min_samples_leaf"": 20, ""n_estimators"": 1100}",5,2.383233421970569,1.8884872471132894,0.041005296395235605,0.2658344540837486
6,tecnico,RF,3,"{""max_depth"": 12, ""max_features"": 0.3, ""min_samples_leaf"": 30, ""n_estimators"": 1550}",5,2.383670259860418,1.9023505759474755,0.041187744143294555,0.2708949371748325
6,tecnico,RF,9,"{""max_depth"": 12, ""max_features"": 0.5, ""min_samples_leaf"": 20, ""n_estimators"": 700}",5,2.38425205285506,1.8892733807458477,0.04020324590256694,0.2649763885646269
6,tecnico,RF,35,"{""max_depth"": null, ""max_features"": 0.8, ""min_samples_leaf"": 20, ""n_estimators"": 1600}",5,2.386325615691095,1.8828687514308147,0.03855037417139227,0.2639074340014661
6,tecnico,RF,36,"{""max_depth"": 2, ""max_features"": 0.3, ""min_samples_leaf"": 30, ""n_estimators"": 650}",5,2.386740611619989,1.8983094532836344,0.039085407459062436,0.28487983358750546
6,tecnico,RF,25,"{""max_depth"": null, ""max_features"": 1.0, ""min_samples_leaf"": 2, ""n_estimators"": 800}",5,2.3927133083153245,1.867629080624965,0.0338241364828686,0.2949689369705518
6,tecnico,RF,45,"{""max_depth"": 8, ""max_features"": ""sqrt"", ""min_samples_leaf"": 20, ""n_estimators"": 500}",5,2.4013283274759054,1.9199468429412954,0.02742547393766448,0.26883901015467926
6,tecnico,RF,14,"{""max_depth"": 2, ""max_features"": ""sqrt"", ""min_samples_leaf"": 10, ""n_estimators"": 1500}",5,2.4019988585663237,1.911117208244653,0.028008074731454814,0.35709736514696366
6,tecnico,RF,18,"{""max_depth"": 5, ""max_features"": ""sqrt"", ""min_samples_leaf"": 20, ""n_estimators"": 1200}",5,2.4031269541530316,1.9186428884007718,0.026052460204582982,0.27293093943272806
6,tecnico,RF,22,"{""max_depth"": 3, ""max_features"": 0.8, ""min_samples_leaf"": 50, ""n_estimators"": 1700}",5,2.414491788799323,1.916986547017606,0.014457783904723432,0.22765586390462214
6,tecnico,RF,52,"{""max_depth"": 5, ""max_features"": 1.0, ""min_samples_leaf"": 50, ""n_estimators"": 550}",5,2.4151340086570947,1.9179531924235937,0.014135662038677377,0.22737128647673527
6,tecnico,RF,24,"{""max_depth"": 5, ""max_features"": 0.5, ""min_samples_leaf"": 50, ""n_estimators"": 750}",5,2.41554687880993,1.9275215403098982,0.013602678779312094,0.22392653949227964
6,tecnico,RF,28,"{""max_depth"": 5, ""max_features"": ""sqrt"", ""min_samples_leaf"": 30, ""n_estimators"": 400}",5,2.415638727347712,1.929669847084027,0.015818657681830793,0.26500804246549603
6,tecnico,RF,59,"{""max_depth"": null, ""max_features"": ""sqrt"", ""min_samples_leaf"": 30, ""n_estimators"": 1600}",5,2.416260192912867,1.9316204277022575,0.015329750075698811,0.2600178349563853
6,tecnico,RF,37,"{""max_depth"": null, ""max_features"": 0.5, ""min_samples_leaf"": 50, ""n_estimators"": 350}",5,2.416428447289505,1.929129763658961,0.013046025857200116,0.22310671403027302
6,tecnico,RF,43,"{""max_depth"": 8, ""max_features"": 0.8, ""min_samples_leaf"": 50, ""n_estimators"": 1750}",5,2.416482034612795,1.9208521685312974,0.012911864375419557,0.22434636640428818
6,tecnico,RF,13,"{""max_depth"": null, ""max_features"": 0.5, ""min_samples_leaf"": 50, ""n_estimators"": 550}",5,2.4166289126297307,1.9291251971537449,0.012878660220804061,0.22339433855618807
6,tecnico,RF,15,"{""max_depth"": 8, ""max_features"": 1.0, ""min_samples_leaf"": 50, ""n_estimators"": 1150}",5,2.4175328446752338,1.919769305131356,0.012166732238928168,0.22441060911077132
6,tecnico,RF,26,"{""max_depth"": 2, ""max_features"": 0.3, ""min_samples_leaf"": 50, ""n_estimators"": 1350}",5,2.4269021111181535,1.93447983409231,0.00500032066158429,0.23077951503441563
6,tecnico,RF,8,"{""max_depth"": 2, ""max_features"": ""sqrt"", ""min_samples_leaf"": 20, ""n_estimators"": 850}",5,2.4291225326034205,1.9335305750121514,0.005520622430678324,0.28327448243306846
6,tecnico,RF,1,"{""max_depth"": 12, ""max_features"": ""sqrt"", ""min_samples_leaf"": 50, ""n_estimators"": 950}",5,2.450747195237807,1.9556698430705886,-0.01355338420843315,0.20683233850616145
6,tecnico,RF,39,"{""max_depth"": 8, ""max_features"": ""sqrt"", ""min_samples_leaf"": 50, ""n_estimators"": 1350}",5,2.450790504234571,1.9558493148953993,-0.013603326239125368,0.20806455183800301
6,tecnico,RF,48,"{""max_depth"": 2, ""max_features"": 1.0, ""min_samples_leaf"": 75, ""n_estimators"": 1050}",5,2.4683968472098288,1.9708934001130136,-0.026658836554833476,0.14586342487831352
6,tecnico,RF,57,"{""max_depth"": 8, ""max_features"": 0.3, ""min_samples_leaf"": 75, ""n_estimators"": 850}",5,2.4697040875493306,1.9725507681173133,-0.02742219481934107,0.14018684459038006
6,tecnico,RF,55,"{""max_depth"": 12, ""max_features"": 0.5, ""min_samples_leaf"": 75, ""n_estimators"": 1250}",5,2.4699113022456953,1.9730942990091918,-0.02774153690676482,0.13983715679689415
6,tecnico,RF,6,"{""max_depth"": 5, ""max_features"": 0.5, ""min_samples_leaf"": 75, ""n_estimators"": 1650}",5,2.470164172113399,1.9733149223975732,-0.027933304273622284,0.13888685663388783
6,tecnico,RF,12,"{""max_depth"": 3, ""max_features"": 0.8, ""min_samples_leaf"": 75, ""n_estimators"": 450}",5,2.470280026766427,1.9733167257065247,-0.028178286703177634,0.1405122233611958
6,tecnico,RF,29,"{""max_depth"": 12, ""max_features"": 0.3, ""min_samples_leaf"": 75, ""n_estimators"": 650}",5,2.4702827819632143,1.9729937286200223,-0.02786546707509512,0.13900355781488077
6,tecnico,RF,19,"{""max_depth"": null, ""max_features"": 1.0, ""min_samples_leaf"": 75, ""n_estimators"": 1450}",5,2.471326400144757,1.9741785535636578,-0.029107866649229663,0.13711840829603253
6,tecnico,RF,34,"{""max_depth"": 3, ""max_features"": ""sqrt"", ""min_samples_leaf"": 75, ""n_estimators"": 1050}",5,2.4795995859425313,1.9739765408906902,-0.03560018932774016,0.15107979949221095
6,tecnico,RF,62,"{""max_depth"": 2, ""max_features"": ""sqrt"", ""min_samples_leaf"": 75, ""n_estimators"": 1500}",5,2.483079843202721,1.9746272335311013,-0.03846185525105326,0.15258980709211886
6,tecnico,XGB,35,"{""colsample_bytree"": 0.5081904069520533, ""learning_rate"": 0.0014889294596340775, ""max_depth"": 2, ""n_estimators"": 1550, ""reg_alpha"": 0.004037281769150291, ""reg_lambda"": 0.025470630483935896, ""subsample"": 0.6068074083887041}",5,2.33806924317704,1.845822908205513,0.07844137716771231,0.3529667569587739
6,tecnico,XGB,11,"{""colsample_bytree"": 0.9920489201322198, ""learning_rate"": 0.004490724301900747, ""max_depth"": 2, ""n_estimators"": 1250, ""reg_alpha"": 9.628490946412484, ""reg_lambda"": 26.337947323259108, ""subsample"": 0.8750924048945308}",5,2.3384765101913203,1.8479605627618227,0.07802400550142874,0.3424200974795199
6,tecnico,XGB,61,"{""colsample_bytree"": 0.7374551789835095, ""learning_rate"": 0.008400449652882712, ""max_depth"": 2, ""n_estimators"": 250, ""reg_alpha"": 0.0001568007746195425, ""reg_lambda"": 1.2109870044864097, ""subsample"": 0.7307628551498055}",5,2.3400420200785286,1.8464559532736602,0.0767510000572496,0.35301911993643376
6,tecnico,XGB,47,"{""colsample_bytree"": 0.847130146343261, ""learning_rate"": 0.0036360600107161654, ""max_depth"": 2, ""n_estimators"": 1200, ""reg_alpha"": 0.000812743410640046, ""reg_lambda"": 0.03981914554537361, ""subsample"": 0.7972003198228776}",5,2.3478562934875553,1.8429958083286533,0.07076782109879158,0.33556393871360163
6,tecnico,XGB,21,"{""colsample_bytree"": 0.7623283811844885, ""learning_rate"": 0.0025057115394290256, ""max_depth"": 2, ""n_estimators"": 500, ""reg_alpha"": 0.5403086083780577, ""reg_lambda"": 0.0032301550182275303, ""subsample"": 0.7510215635411441}",5,2.3524214049511962,1.8603597518438384,0.06707979322163912,0.35481512847029595
6,tecnico,XGB,49,"{""colsample_bytree"": 0.8986299997195601, ""learning_rate"": 0.002041720258446412, ""max_depth"": 3, ""n_estimators"": 600, ""reg_alpha"": 0.01992193781312205, ""reg_lambda"": 2.8719474920345007, ""subsample"": 0.9231212893500924}",5,2.353872014776612,1.8608485243379924,0.0657146159812559,0.34611394887473584
6,tecnico,XGB,5,"{""colsample_bytree"": 0.8798112468793988, ""learning_rate"": 0.0032512984489769512, ""max_depth"": 4, ""n_estimators"": 400, ""reg_alpha"": 0.002497742980329767, ""reg_lambda"": 0.3831243470438582, ""subsample"": 0.5485846274532378}",5,2.354548951766522,1.8646077204150182,0.06536123504664533,0.34106440654336917
6,tecnico,XGB,13,"{""colsample_bytree"": 0.5519214449450374, ""learning_rate"": 0.01285055226681729, ""max_depth"": 3, ""n_estimators"": 350, ""reg_alpha"": 0.0003430101828087219, ""reg_lambda"": 4.282157839548478, ""subsample"": 0.6602999758906662}",5,2.3550798794875663,1.8533003669085566,0.06487478862142622,0.3272025620199179
6,tecnico,XGB,63,"{""colsample_bytree"": 0.979510891251266, ""learning_rate"": 0.0026110093348935635, ""max_depth"": 4, ""n_estimators"": 1100, ""reg_alpha"": 3.625531059333283, ""reg_lambda"": 3.3753537857177265, ""subsample"": 0.5006052111275494}",5,2.356121606141248,1.8624299737905947,0.06411696447903907,0.325912702018726
6,tecnico,XGB,27,"{""colsample_bytree"": 0.8746695355512202, ""learning_rate"": 0.0018398171995602861, ""max_depth"": 4, ""n_estimators"": 1400, ""reg_alpha"": 0.00014290338823853393, ""reg_lambda"": 0.08051163426115664, ""subsample"": 0.672683147713542}",5,2.358115867465953,1.8575501406681512,0.06265022592133074,0.32266776527468
6,tecnico,XGB,54,"{""colsample_bytree"": 0.6949512772262096, ""learning_rate"": 0.0011780835331739355, ""max_depth"": 5, ""n_estimators"": 1250, ""reg_alpha"": 1.476405538392317, ""reg_lambda"": 0.1370533492761394, ""subsample"": 0.7786347051151097}",5,2.3604756914561156,1.8664146021441739,0.06069301874128445,0.3287448351773926
6,tecnico,XGB,33,"{""colsample_bytree"": 0.7658711154945195, ""learning_rate"": 0.004631640475716694, ""max_depth"": 4, ""n_estimators"": 700, ""reg_alpha"": 0.14550446952706136, ""reg_lambda"": 0.00624533915595389, ""subsample"": 0.6265157125890255}",5,2.3640860102737276,1.8621856349793386,0.05787175544997562,0.3177758055006173
6,tecnico,XGB,40,"{""colsample_bytree"": 0.8358770660124719, ""learning_rate"": 0.002766468636951521, ""max_depth"": 6, ""n_estimators"": 800, ""reg_alpha"": 7.686195398162609, ""reg_lambda"": 0.27283408982660134, ""subsample"": 0.6887596286833286}",5,2.3664050415667446,1.8661911369128532,0.055743509870419226,0.3150794821333725
6,tecnico,XGB,25,"{""colsample_bytree"": 0.6011153836734593, ""learning_rate"": 0.005929528583067072, ""max_depth"": 3, ""n_estimators"": 850, ""reg_alpha"": 2.2446897840093656, ""reg_lambda"": 0.0010023940428399874, ""subsample"": 0.5898452992551029}",5,2.3690917357139987,1.8640879860139326,0.05372638467029685,0.3179600284336188
6,tecnico,XGB,44,"{""colsample_bytree"": 0.5594679932110012, ""learning_rate"": 0.006665560018000852, ""max_depth"": 5, ""n_estimators"": 550, ""reg_alpha"": 0.08548062648554937, ""reg_lambda"": 0.8344129196802617, ""subsample"": 0.9025939740240574}",5,2.3743166110855998,1.865108052782589,0.04970671240443798,0.30740642686840963
6,tecnico,XGB,9,"{""colsample_bytree"": 0.7343453234061599, ""learning_rate"": 0.001343436495512724, ""max_depth"": 5, ""n_estimators"": 750, ""reg_alpha"": 0.0006084851655633791, ""reg_lambda"": 0.5926427719675725, ""subsample"": 0.8562451475299895}",5,2.377703856186713,1.8840246746670448,0.047027231826768955,0.32243903467994406
6,tecnico,XGB,20,"{""colsample_bytree"": 0.8234229604713619, ""learning_rate"": 0.005495244607579209, ""max_depth"": 7, ""n_estimators"": 300, ""reg_alpha"": 1.3467411425523819, ""reg_lambda"": 2.039814741993465, ""subsample"": 0.8142573009245098}",5,2.3805750168524282,1.8760051311005916,0.04397930972565811,0.30138457282829667
6,tecnico,XGB,42,"{""colsample_bytree"": 0.7859143181703985, ""learning_rate"": 0.002143920320921273, ""max_depth"": 8, ""n_estimators"": 1000, ""reg_alpha"": 0.0068914604090100215, ""reg_lambda"": 37.08234018435227, ""subsample"": 0.8599325171671808}",5,2.3809646202197294,1.8852005279254058,0.04393390125200676,0.30342591471676683
6,tecnico,XGB,18,"{""colsample_bytree"": 0.5811041458509862, ""learning_rate"": 0.0017040940593697487, ""max_depth"": 7, ""n_estimators"": 1250, ""reg_alpha"": 0.00023752055550926352, ""reg_lambda"": 7.644585859264176, ""subsample"": 0.9190638717263937}",5,2.383400498541048,1.8784768698358587,0.04178449101819581,0.30065220533705905
6,tecnico,XGB,51,"{""colsample_bytree"": 0.625068218447268, ""learning_rate"": 0.006123118498998678, ""max_depth"": 3, ""n_estimators"": 1500, ""reg_alpha"": 0.7211395848937334, ""reg_lambda"": 10.763200496285176, ""subsample"": 0.8413888667710125}",5,2.3861748955053574,1.871622388984773,0.03993959740903872,0.30427763206124153
6,tecnico,XGB,7,"{""colsample_bytree"": 0.6531320987269282, ""learning_rate"": 0.0010481619572072865, ""max_depth"": 3, ""n_estimators"": 950, ""reg_alpha"": 0.1327063227683239, ""reg_lambda"": 21.030813240718224, ""subsample"": 0.7158950148150325}",5,2.38714119089718,1.900846002278292,0.03951177605273541,0.35087914048951174
6,tecnico,XGB,28,"{""colsample_bytree"": 0.7450284226797521, ""learning_rate"": 0.014025125492043775, ""max_depth"": 6, ""n_estimators"": 450, ""reg_alpha"": 0.1793833183312084, ""reg_lambda"": 44.60854559316446, ""subsample"": 0.957188309635967}",5,2.394006935646764,1.8763367269748827,0.033310505399866394,0.29173139919393665
6,tecnico,XGB,41,"{""colsample_bytree"": 0.6577429310418665, ""learning_rate"": 0.015763846491624395, ""max_depth"": 2, ""n_estimators"": 750, ""reg_alpha"": 1.0698996916657113, ""reg_lambda"": 0.06348313321944471, ""subsample"": 0.5199311319738626}",5,2.39922379281543,1.8829259706624497,0.029228281104682098,0.2934753435586351
6,tecnico,XGB,60,"{""colsample_bytree"": 0.6763605996966362, ""learning_rate"": 0.0016520589744992386, ""max_depth"": 7, ""n_estimators"": 400, ""reg_alpha"": 0.03410733210713404, ""reg_lambda"": 0.0014075405725347294, ""subsample"": 0.6684969747439027}",5,2.4017078294575818,1.909899563646448,0.02802315994571545,0.3181083839219271
6,tecnico,XGB,4,"{""colsample_bytree"": 0.9407866224646568, ""learning_rate"": 0.002213702058861375, ""max_depth"": 6, ""n_estimators"": 250, ""reg_alpha"": 0.0010204471682872405, ""reg_lambda"": 0.004447703278271244, ""subsample"": 0.6103793778456748}",5,2.4043037929051527,1.9112904507938686,0.02600573049726982,0.325467406613688
6,tecnico,XGB,32,"{""colsample_bytree"": 0.5314727774821222, ""learning_rate"": 0.0013176494637767546, ""max_depth"": 8, ""n_estimators"": 700, ""reg_alpha"": 0.21616988694426761, ""reg_lambda"": 1.7005066806546008, ""subsample"": 0.5281029711477458}",5,2.4071384009651635,1.9099408044120287,0.023382333390822296,0.3128923163749214
6,tecnico,XGB,23,"{""colsample_bytree"": 0.5202497807331383, ""learning_rate"": 0.0075022974260527345, ""max_depth"": 5, ""n_estimators"": 1000, ""reg_alpha"": 0.01024644746852143, ""reg_lambda"": 0.19295607109604784, ""subsample"": 0.9822710435837507}",5,2.4136257511928507,1.8911312643038976,0.018171016601687184,0.2757960449032606
6,tecnico,XGB,58,"{""colsample_bytree"": 0.9186565261334181, ""learning_rate"": 0.004957440910297297, ""max_depth"": 6, ""n_estimators"": 1000, ""reg_alpha"": 0.41988357076504595, ""reg_lambda"": 0.11305201399703872, ""subsample"": 0.5628424664027989}",5,2.420454152863799,1.903472692928474,0.011718160716778314,0.2695172310000212
6,tecnico,XGB,30,"{""colsample_bytree"": 0.8047864767722785, ""learning_rate"": 0.003942963502548866, ""max_depth"": 6, ""n_estimators"": 1500, ""reg_alpha"": 0.025539210560561278, ""reg_lambda"": 4.739810499307139, ""subsample"": 0.7344540413469076}",5,2.42098798696172,1.8995154146385271,0.01113716334865562,0.2731206953268906
6,tecnico,XGB,36,"{""colsample_bytree"": 0.8878286643885076, ""learning_rate"": 0.019469096724278347, ""max_depth"": 8, ""n_estimators"": 250, ""reg_alpha"": 2.9329328360091673, ""reg_lambda"": 8.633929564496423, ""subsample"": 0.7594151217490435}",5,2.4215630877728165,1.8977161422406545,0.010456454930722114,0.26873041508793527
6,tecnico,XGB,16,"{""colsample_bytree"": 0.6643393728882074, ""learning_rate"": 0.009613210406115657, ""max_depth"": 6, ""n_estimators"": 550, ""reg_alpha"": 0.006281505062889137, ""reg_lambda"": 0.011128819174605627, ""subsample"": 0.7930179634131491}",5,2.4223466857624874,1.9002642353428993,0.011031333114096941,0.2680117307129314
6,tecnico,XGB,64,"{""colsample_bytree"": 0.6076851300895214, ""learning_rate"": 0.011227804513833603, ""max_depth"": 5, ""n_estimators"": 700, ""reg_alpha"": 0.002871073107828411, ""reg_lambda"": 0.04658745025094497, ""subsample"": 0.848038955591619}",5,2.435543516788203,1.9086432929228785,0.000518211558425885,0.2604793131112909
6,tecnico,XGB,56,"{""colsample_bytree"": 0.9682726059108973, ""learning_rate"": 0.003788240270303302, ""max_depth"": 8, ""n_estimators"": 800, ""reg_alpha"": 0.00038382998333558036, ""reg_lambda"": 0.0022943142751041196, ""subsample"": 0.9858468258753419}",5,2.4383589445470535,1.899423549922624,-0.002542462797854639,0.2598192690578391
6,tecnico,XGB,39,"{""colsample_bytree"": 0.7057563909329474, ""learning_rate"": 0.012347566093322326, ""max_depth"": 4, ""n_estimators"": 900, ""reg_alpha"": 0.022552822868291172, ""reg_lambda"": 0.003609847874428303, ""subsample"": 0.91180708585307}",5,2.4447694091473395,1.9120462682420238,-0.007277399966723763,0.25998492515259813
6,tecnico,XGB,2,"{""colsample_bytree"": 0.7143479268997908, ""learning_rate"": 0.007395679895504517, ""max_depth"": 8, ""n_estimators"": 1100, ""reg_alpha"": 5.759597024686567, ""reg_lambda"": 0.018139186678553524, ""subsample"": 0.6541326744481921}",5,2.4472913631253346,1.9243170000297538,-0.010335637736402647,0.2523091362373234
6,tecnico,XGB,24,"{""colsample_bytree"": 0.892569515388459, ""learning_rate"": 0.03348820820102673, ""max_depth"": 5, ""n_estimators"": 750, ""reg_alpha"": 15.937853779380706, ""reg_lambda"": 17.08906170519083, ""subsample"": 0.6339206709526479}",5,2.4476683067168103,1.9275902692932483,-0.009973654491999051,0.2609489043309521
6,tecnico,XGB,1,"{""colsample_bytree"": 0.8420405397191644, ""learning_rate"": 0.052401111326278366, ""max_depth"": 2, ""n_estimators"": 650, ""reg_alpha"": 0.0441007577115268, ""reg_lambda"": 12.15616707960732, ""subsample"": 0.9933395576663315}",5,2.449666476660063,1.9118247717795345,-0.013214099302145588,0.2777820343206801
6,tecnico,XGB,14,"{""colsample_bytree"": 0.9222831837832928, ""learning_rate"": 0.0030973627237326166, ""max_depth"": 8, ""n_estimators"": 1500, ""reg_alpha"": 0.05293598013799995, ""reg_lambda"": 0.05606127291979353, ""subsample"": 0.9383519990369678}",5,2.450872699042529,1.908145935068457,-0.01354119919129133,0.25375417832782887
6,tecnico,XGB,50,"{""colsample_bytree"": 0.528761200606823, ""learning_rate"": 0.014463668457163206, ""max_depth"": 7, ""n_estimators"": 1200, ""reg_alpha"": 12.0126181962634, ""reg_lambda"": 0.005128933757525393, ""subsample"": 0.7087259427644312}",5,2.45139279317403,1.923484609370658,-0.013410628912118439,0.25656921263706234
6,tecnico,XGB,17,"{""colsample_bytree"": 0.959278388414532, ""learning_rate"": 0.023096009833932004, ""max_depth"": 3, ""n_estimators"": 650, ""reg_alpha"": 0.06680326520081972, ""reg_lambda"": 0.02231492610622683, ""subsample"": 0.6971659897826612}",5,2.4562126174204293,1.9238206273005567,-0.016419188895894044,0.25756734253615093
6,tecnico,XGB,53,"{""colsample_bytree"": 0.8153101680800319, ""learning_rate"": 0.02849473028555064, ""max_depth"": 5, ""n_estimators"": 500, ""reg_alpha"": 0.005280767254648216, ""reg_lambda"": 23.997015200433662, ""subsample"": 0.6188073074445128}",5,2.459831007122438,1.9321987289406972,-0.020343084037316862,0.24896060491045438
6,tecnico,XGB,45,"{""colsample_bytree"": 0.6204433687962592, ""learning_rate"": 0.001090790035319715, ""max_depth"": 4, ""n_estimators"": 300, ""reg_alpha"": 18.706628843514043, ""reg_lambda"": 0.00790461735887091, ""subsample"": 0.9653586409986019}",5,2.4609975010627037,1.952821518245915,-0.02024633524731485,0.3410218100825867
6,tecnico,XGB,38,"{""colsample_bytree"": 0.5779561433009803, ""learning_rate"": 0.009227227478763743, ""max_depth"": 7, ""n_estimators"": 1400, ""reg_alpha"": 0.001983582302515068, ""reg_lambda"": 14.976717799289693, ""subsample"": 0.5445310226641595}",5,2.4637866847677503,1.935272462828133,-0.024087908997317962,0.2425779983537036
6,tecnico,XGB,37,"{""colsample_bytree"": 0.9478239086456597, ""learning_rate"": 0.03696796581742612, ""max_depth"": 3, ""n_estimators"": 450, ""reg_alpha"": 0.26060582779238295, ""reg_lambda"": 0.17090188783792123, ""subsample"": 0.8216686192899942}",5,2.4751874800625115,1.9348896353624787,-0.03357232864758179,0.2432464858310321
6,tecnico,XGB,29,"{""colsample_bytree"": 0.6849063602276146, ""learning_rate"": 0.09895231820360668, ""max_depth"": 5, ""n_estimators"": 200, ""reg_alpha"": 8.486350903976925, ""reg_lambda"": 0.03309009814489493, ""subsample"": 0.8954403041861951}",5,2.4757238857265875,1.9508741221032437,-0.033663120532403945,0.2423260770912936
6,tecnico,XGB,59,"{""colsample_bytree"": 0.798668778501451, ""learning_rate"": 0.020816692210975932, ""max_depth"": 3, ""n_estimators"": 1350, ""reg_alpha"": 4.343069730423279, ""reg_lambda"": 0.49772459663947555, ""subsample"": 0.9457418532110751}",5,2.48007602905959,1.944922630655214,-0.037170772664853226,0.2468542284227923
6,tecnico,XGB,22,"{""colsample_bytree"": 0.634636556264013, ""learning_rate"": 0.010040733607247688, ""max_depth"": 8, ""n_estimators"": 1300, ""reg_alpha"": 0.0009014128052613807, ""reg_lambda"": 0.23651773248921085, ""subsample"": 0.5995530784130096}",5,2.487436839910342,1.9498954851146189,-0.04359324112429541,0.23284902499518156
6,tecnico,XGB,31,"{""colsample_bytree"": 0.9116039820946753, ""learning_rate"": 0.029685712756611225, ""max_depth"": 2, ""n_estimators"": 1150, ""reg_alpha"": 0.001687556076331206, ""reg_lambda"": 0.00940894863633519, ""subsample"": 0.8674238249659538}",5,2.500984305526837,1.9561905622691946,-0.05506836310301648,0.23926701569406755
6,tecnico,XGB,3,"{""colsample_bytree"": 0.568467921577394, ""learning_rate"": 0.017472093072865933, ""max_depth"": 4, ""n_estimators"": 1600, ""reg_alpha"": 0.34571092703989953, ""reg_lambda"": 2.5707189730362927, ""subsample"": 0.771475781686604}",5,2.5095950571749817,1.965216556393857,-0.06213052541873054,0.22574356313359667
6,tecnico,XGB,8,"{""colsample_bytree"": 0.774960707873106, ""learning_rate"": 0.024452475688516433, ""max_depth"": 7, ""n_estimators"": 850, ""reg_alpha"": 0.0001815894891979192, ""reg_lambda"": 0.12138868227886604, ""subsample"": 0.9315543291158974}",5,2.524353872425812,1.9718070691838214,-0.07418264353452267,0.2154130414862506
6,tecnico,XGB,12,"{""colsample_bytree"": 0.6119166892021894, ""learning_rate"": 0.05657870886178703, ""max_depth"": 8, ""n_estimators"": 500, ""reg_alpha"": 0.0163288343167791, ""reg_lambda"": 0.08914130472717753, ""subsample"": 0.723521423060447}",5,2.5301169034535484,1.9717714766634817,-0.07998768193073649,0.20505146969002483
6,tecnico,XGB,26,"{""colsample_bytree"": 0.9714782158844173, ""learning_rate"": 0.04360293748713706, ""max_depth"": 7, ""n_estimators"": 950, ""reg_alpha"": 0.003169131557164582, ""reg_lambda"": 0.7007719376827588, ""subsample"": 0.8056433498859406}",5,2.5309902485243443,1.98236284525753,-0.08082875714480937,0.21363277287149277
6,tecnico,XGB,10,"{""colsample_bytree"": 0.8542246446013451, ""learning_rate"": 0.01885426178034407, ""max_depth"": 5, ""n_estimators"": 1050, ""reg_alpha"": 0.9310894278999958, ""reg_lambda"": 0.00180465362119513, ""subsample"": 0.5080011310055852}",5,2.531223472993168,1.9892946742248987,-0.08070666754487274,0.2042871052970451
6,tecnico,XGB,62,"{""colsample_bytree"": 0.8656257186084986, ""learning_rate"": 0.0348490031673198, ""max_depth"": 8, ""n_estimators"": 1600, ""reg_alpha"": 0.11172547145130801, ""reg_lambda"": 0.013246779920703116, ""subsample"": 0.8835141197778285}",5,2.532629733691094,1.9742594302886716,-0.08175063751313685,0.21371172630049365
6,tecnico,XGB,46,"{""colsample_bytree"": 0.998124664183706, ""learning_rate"": 0.02737895079301408, ""max_depth"": 6, ""n_estimators"": 1450, ""reg_alpha"": 0.012298214373827988, ""reg_lambda"": 1.326749859079806, ""subsample"": 0.6801607045345008}",5,2.539784143769159,1.9913575610931211,-0.08828940688554412,0.20513842570477253
6,tecnico,XGB,34,"{""colsample_bytree"": 0.6455130795948207, ""learning_rate"": 0.06278094966476376, ""max_depth"": 6, ""n_estimators"": 1150, ""reg_alpha"": 0.00011301598909911128, ""reg_lambda"": 1.825867517681074, ""subsample"": 0.9740891489200294}",5,2.548995233460068,1.9971574565564754,-0.09561394701006032,0.20431984986392626
6,tecnico,XGB,6,"{""colsample_bytree"": 0.5016359183937311, ""learning_rate"": 0.07863135626293781, ""max_depth"": 6, ""n_estimators"": 1350, ""reg_alpha"": 3.234983879907792, ""reg_lambda"": 0.0025639966494586984, ""subsample"": 0.8332323851063848}",5,2.5495244245568145,1.996760957434892,-0.09747676811065689,0.20606188609792175
6,tecnico,XGB,15,"{""colsample_bytree"": 0.7939813332632184, ""learning_rate"": 0.04134614638652368, ""max_depth"": 3, ""n_estimators"": 1200, ""reg_alpha"": 1.717391477022521, ""reg_lambda"": 0.9448208774913581, ""subsample"": 0.5712512033060193}",5,2.5510026141435374,1.9994721428483921,-0.09887806525808569,0.21449304210279402
6,tecnico,XGB,48,"{""colsample_bytree"": 0.7248227628879249, ""learning_rate"": 0.08192723171766085, ""max_depth"": 7, ""n_estimators"": 600, ""reg_alpha"": 0.4763965963119043, ""reg_lambda"": 6.013176320686056, ""subsample"": 0.582701476290822}",5,2.553196724160827,2.012057982948297,-0.10005428314871807,0.19528697158262276
6,tecnico,XGB,52,"{""colsample_bytree"": 0.7551881056278944, ""learning_rate"": 0.0483232940866918, ""max_depth"": 7, ""n_estimators"": 350, ""reg_alpha"": 0.00046086631260659343, ""reg_lambda"": 0.015891781906402485, ""subsample"": 0.5560912927612662}",5,2.5551156008889153,2.0072554048850626,-0.10077915513837916,0.20422569080885458
6,tecnico,XGB,57,"{""colsample_bytree"": 0.5409762570634484, ""learning_rate"": 0.06958609604138169, ""max_depth"": 4, ""n_estimators"": 900, ""reg_alpha"": 0.001271168774577201, ""reg_lambda"": 31.683427938302188, ""subsample"": 0.7857788121327758}",5,2.5622084366753133,2.0107701376168405,-0.10812409054512617,0.2053088497602285
6,tecnico,XGB,43,"{""colsample_bytree"": 0.9312926610000432, ""learning_rate"": 0.050802920503119554, ""max_depth"": 5, ""n_estimators"": 1350, ""reg_alpha"": 0.00031079511009794237, ""reg_lambda"": 0.0012852024975186147, ""subsample"": 0.7429024833254516}",5,2.5970933186868725,2.0299238270935414,-0.13631045731134148,0.19466278199301262
6,tecnico,XGB,55,"{""colsample_bytree"": 0.588635434396565, ""learning_rate"": 0.0883902768859083, ""max_depth"": 2, ""n_estimators"": 1050, ""reg_alpha"": 0.060573938698703256, ""reg_lambda"": 0.3321280336991138, ""subsample"": 0.645977518055588}",5,2.622891697907962,2.0598870334688293,-0.1604355676986658,0.19176108131673592
6,tecnico,XGB,19,"{""colsample_bytree"": 0.7015934963710606, ""learning_rate"": 0.07184330208075035, ""max_depth"": 3, ""n_estimators"": 1450, ""reg_alpha"": 0.008482996371322014, ""reg_lambda"": 0.00720190126078291, ""subsample"": 0.5363402292132378}",5,2.7291627107305216,2.1385592205283808,-0.2577145406230511,0.16112958590062001
